,debit_amount_count,debit_amount_sum,debit_amount_mean,debit_amount_std,debit_debit_roll_cnt_30d_mean,debit_debit_roll_mean_30d_mean,debit_debit_roll_std_30d_mean,debit_debit_amount_spike_ratio_7d_mean,debit_debit_tx_rate_spike_7d_mean,debit_debit_amount_volatility_30d_mean,credit_amount_count,credit_amount_sum,credit_amount_mean,credit_amount_std,credit_credit_roll_cnt_30d_mean,credit_credit_roll_mean_30d_mean,credit_credit_roll_std_30d_mean,credit_credit_amount_spike_ratio_7d_mean,credit_credit_tx_rate_spike_7d_mean,credit_credit_amount_volatility_30d_mean,out_unique,in_unique,fan_out_ratio,fan_in_ratio,in_out_ratio,IsolationForest_score,LocalOutlierFactor_score,OneClassSVM_score,EllipticEnvelope_score,graph_anomaly_score,anomaly_flag
01e8b06bcab97b76,0.0,0.0,0.0,0.0,0.0,0.0,0.0,0.0,0.0,0.0,1.0,10000.0,10000.0,0.0,0.0,0.0,0.0,0.0,0.0,0.0,0.0,1.0,0.0,0.9999990000010001,10000000001.0,0.016554558675068932,0.002542399591033541,0.9889333378697007,5.474194163448497e-08,0.2520075877194362,0
032f0b4d2498f263,1.0,10000000.0,10000000.0,0.0,0.0,0.0,0.0,0.0,0.0,0.0,13.0,6968813.54,536062.58,648643.1681795901,0.0,0.0,0.0,0.0,0.0,0.0,1.0,1.0,0.9999990000010001,0.07692307100591762,0.6968813540000304,0.3787975658410281,0.05720813632580923,0.8807944532504035,2.8663181319896373e-05,0.3292072046496402,0
035fab081fc0922f,0.0,0.0,0.0,0.0,0.0,0.0,0.0,0.0,0.0,0.0,36.0,124364.21,3454.5613888888893,1891.5433016230845,0.0,0.0,0.0,0.0,0.0,0.0,0.0,1.0,0.0,0.027777777006172864,124364210001.0,0.04703965223034834,0.004146257972427791,0.9305586557471547,3.407334103716637e-07,0.2454362266708353,0
049bf023bb521a6f,0.0,0.0,0.0,0.0,0.0,0.0,0.0,0.0,0.0,0.0,2.0,7770.0,3885.0,5395.224740453357,0.0,0.0,0.0,0.0,0.0,0.0,0.0,1.0,0.0,0.499999750000125,7770000001.000001,0.0026782159072286614,0.004153655763876346,0.6758797122682695,3.2801874029472656e-09,0.17067789680489048,0
07def9dd5165823e,0.0,0.0,0.0,0.0,0.0,0.0,0.0,0.0,0.0,0.0,1.0,118.1,118.1,0.0,0.0,0.0,0.0,0.0,0.0,0.0,0.0,1.0,0.0,0.9999990000010001,118100001.0,0.02093224165137972,0.002542399591033541,0.9924645010708665,6.466907421561074e-08,0.2539848017455885,0
086628377cd0ba48,0.0,0.0,0.0,0.0,0.0,0.0,0.0,0.0,0.0,0.0,1.0,210040.0,210040.0,0.0,0.0,0.0,0.0,0.0,0.0,0.0,0.0,1.0,0.0,0.9999990000010001,210040000001.00003,0.0350991927395372,0.0025423995910335484,0.9253489620012115,1.8135469316304135e-07,0.24074768392161885,0
0a10966a0ec7c164,0.0,0.0,0.0,0.0,0.0,0.0,0.0,0.0,0.0,0.0,2.0,201600.0,100800.0,74670.47609329942,0.0,0.0,0.0,0.0,0.0,0.0,0.0,1.0,0.0,0.499999750000125,201600000001.00003,0.011766128411032199,0.003996157650578344,0.6265686441584664,2.7828668429471005e-07,0.1605828021266903,0
0b84385c8f9b55ba,1.0,330000.0,330000.0,0.0,0.0,0.0,0.0,0.0,0.0,0.0,3.0,1525443.03,508481.01,361430.01567593624,0.0,0.0,0.0,0.0,0.0,0.0,1.0,1.0,0.9999990000010001,0.33333322222225925,4.622554636352659,0.17178395229830085,0.009766111637936623,0.5471657616057591,1.4731745519587589e-05,0.18218263932187903,0
0c22384d93788af3,2.0,57555.17,28777.585,37084.094931175685,0.0,0.0,0.0,0.0,0.0,0.0,10.0,2428199.86,242819.98599999998,111177.731881286,0.0,0.0,0.0,0.0,0.0,0.0,1.0,1.0,0.499999750000125,0.09999999000000101,42.18908327364528,0.11728654412713357,0.04085306124700616,0.4087490630631251,6.649802719597236e-07,0.1417223333543842,0
0ce0b6eeec2d8629,0.0,0.0,0.0,0.0,0.0,0.0,0.0,0.0,0.0,0.0,10.0,380100.0,38010.0,1549.5160534825063,0.0,0.0,0.0,0.0,0.0,0.0,0.0,1.0,0.0,0.09999999000000101,380100000001.0,0.015069747940418909,0.002673317351169237,0.8440059484205219,4.4831891575286476e-07,0.21543736550775644,0
14f253ce33aac781,0.0,0.0,0.0,0.0,0.0,0.0,0.0,0.0,0.0,0.0,1.0,7000.0,7000.0,0.0,0.0,0.0,0.0,0.0,0.0,0.0,0.0,1.0,0.0,0.9999990000010001,7000000001.000001,0.017429347016677414,0.002542399591033541,0.990001432594082,5.759462496061321e-08,0.2524933091991045,0
1a5a27e0e89f378f,1.0,4041209.0,4041209.0,0.0,0.0,0.0,0.0,0.0,0.0,0.0,0.0,0.0,0.0,0.0,0.0,0.0,0.0,0.0,0.0,0.0,1.0,0.0,0.9999990000010001,0.0,2.474507010154022e-13,0.22737029067852735,0.025015540828761795,0.5251478410238168,2.186456413248905e-07,0.19438347279418683,0
1acd638e3250bcca,1.0,350000.0,350000.0,0.0,0.0,0.0,0.0,0.0,0.0,0.0,0.0,0.0,0.0,0.0,0.0,0.0,0.0,0.0,0.0,0.0,1.0,0.0,0.9999990000010001,0.0,2.857142857134694e-12,0.15577012129877357,0.016644014167215553,0.9181694420737682,2.1864564135452864e-07,0.27264594904634964,0
1b21a7645f64d170,1.0,2357825.15,2357825.15,0.0,0.0,0.0,0.0,0.0,0.0,0.0,39.0,5317691.260000001,136351.05794871796,778110.8614545321,0.0,0.0,0.0,0.0,0.0,0.0,1.0,1.0,0.9999990000010001,0.025641024983563465,2.2553374070162695,0.2584275203154483,0.019638380170735978,0.5280955034816305,4.9569175201237056e-05,0.201552743285754,0
1c3f31b0b8c13d69,8.0,10384000.0,1298000.0,1337301.3337101168,0.0,0.0,0.0,0.0,0.0,0.0,2.0,9832.35,4916.175,2708.523027860387,0.0,0.0,0.0,0.0,0.0,0.0,1.0,1.0,0.12499998437500197,0.499999750000125,0.0009468750000962108,0.1911451465197062,0.03835680499240254,0.14345208559921396,5.498129437060511e-09,0.09323851065236304,0
1d83fd5f5fefc19f,0.0,0.0,0.0,0.0,0.0,0.0,0.0,0.0,0.0,0.0,12.0,3869610.44,322467.5366666667,603827.3992811965,0.0,0.0,0.0,0.0,0.0,0.0,0.0,1.0,0.0,0.08333332638888948,3869610440001.0,0.08841399469948269,0.012489652194598726,0.6644327542646852,6.646983200062398e-05,0.1913507177476918,0
1dee298b3b4c3881,0.0,0.0,0.0,0.0,0.0,0.0,0.0,0.0,0.0,0.0,4.0,117500.0,29375.0,4750.0,0.0,0.0,0.0,0.0,0.0,0.0,0.0,1.0,0.0,0.24999993750001562,117500000001.0,0.0034931659530190846,0.0,0.7354372599075357,3.2507516882467175e-08,0.18473261459201792,0
20b5688cbd9506bf,0.0,0.0,0.0,0.0,0.0,0.0,0.0,0.0,0.0,0.0,6.0,41469.3,6911.55,2177.0731855498107,0.0,0.0,0.0,0.0,0.0,0.0,0.0,1.0,0.0,0.16666663888889352,41469300001.00001,0.00718382008128353,0.0018254548823153352,0.7999066429402699,4.35208951590583e-08,0.20222899035619096,0
225acb9ed4f34af6,0.0,0.0,0.0,0.0,0.0,0.0,0.0,0.0,0.0,0.0,14.0,104892.53,7492.323571428571,3093.906156385005,0.0,0.0,0.0,0.0,0.0,0.0,0.0,1.0,0.0,0.07142856632653098,104892530001.0,0.01545352444985139,0.002670728397160535,0.8806754142906177,3.024454930830018e-08,0.22469992434554473,0
2b652fbf87f8d72b,0.0,0.0,0.0,0.0,0.0,0.0,0.0,0.0,0.0,0.0,1.0,13600.0,13600.0,0.0,0.0,0.0,0.0,0.0,0.0,0.0,0.0,1.0,0.0,0.9999990000010001,13600000001.000002,0.01588426424523188,0.0025423995910335306,0.9876561275241776,5.150406364030916e-08,0.2515207107161267,0
2da52242895cf5c0,1.0,1630000.0,1630000.0,0.0,0.0,0.0,0.0,0.0,0.0,0.0,8.0,2432889.2199999997,304111.15249999997,284284.7833654488,0.0,0.0,0.0,0.0,0.0,0.0,1.0,1.0,0.9999990000010001,0.12499998437500197,1.4925700736193295,0.17871925365662775,0.009941490408789527,0.49061993112256735,6.078735155888219e-06,0.16982168848078513,0
2ebab5456c6c09c5,0.0,0.0,0.0,0.0,0.0,0.0,0.0,0.0,0.0,0.0,2.0,57000.0,28500.0,0.0,0.0,0.0,0.0,0.0,0.0,0.0,0.0,1.0,0.0,0.499999750000125,57000000001.0,0.0,0.004117954857466645,0.667860924985448,4.314196897305342e-09,0.1679947210392779,0
306735212f8e109d,1.0,11000000.0,11000000.0,0.0,0.0,0.0,0.0,0.0,0.0,0.0,0.0,0.0,0.0,0.0,0.0,0.0,0.0,0.0,0.0,0.0,1.0,0.0,0.9999990000010001,0.0,9.090909090908264e-14,0.3542670439173495,0.06400355243937986,0.9984770112023778,2.1864564126901563e-07,0.3541869565511871,0
30eab7feb438f129,2.0,15340.5,7670.25,3498.778495446661,0.0,0.0,0.0,0.0,0.0,0.0,0.0,0.0,0.0,0.0,0.0,0.0,0.0,0.0,0.0,0.0,1.0,0.0,0.499999750000125,0.0,6.518692349889593e-11,0.15641845786324307,0.03642036472853142,0.632821100720997,2.1864564131745604e-07,0.20641503548960322,0
333706e1b48a76ee,0.0,0.0,0.0,0.0,0.0,0.0,0.0,0.0,0.0,0.0,1.0,200000.0,200000.0,0.0,0.0,0.0,0.0,0.0,0.0,0.0,0.0,1.0,0.0,0.9999990000010001,200000000001.00003,0.03194937485954513,0.0025423995910335484,0.9281851178069511,1.601196001939494e-07,0.24066926309428252,0
33f2ff7ebb54463b,9.0,22637944.0,2515327.111111111,2127399.6528661726,0.0,0.0,0.0,0.0,0.0,0.0,0.0,0.0,0.0,0.0,0.0,0.0,0.0,0.0,0.0,0.0,1.0,0.0,0.11111109876543349,0.0,4.417362283429784e-14,0.2627409688526909,0.06963823636381221,0.206572795100167,2.18645641260368e-07,0.13473805474057785,0
35a482f88fe31cd3,0.0,0.0,0.0,0.0,0.0,0.0,0.0,0.0,0.0,0.0,2.0,190000.0,95000.0,84852.8137423857,0.0,0.0,0.0,0.0,0.0,0.0,0.0,1.0,0.0,0.499999750000125,190000000001.00003,0.011758629739621199,0.003988594920025439,0.6264959386878084,4.012775832725663e-07,0.16056089115625957,0
365a9e654bc3d301,0.0,0.0,0.0,0.0,0.0,0.0,0.0,0.0,0.0,0.0,14.0,25935696.0,1852549.7142857143,4948383.486707979,0.0,0.0,0.0,0.0,0.0,0.0,0.0,1.0,0.0,0.07142856632653098,25935696000001.0,0.32761513807716586,0.14873491414419976,0.9959426460977596,0.0036243343179675766,0.3689792581592732,0
385844c16cc4dcb1,0.0,0.0,0.0,0.0,0.0,0.0,0.0,0.0,0.0,0.0,1.0,520.0,520.0,0.0,0.0,0.0,0.0,0.0,0.0,0.0,0.0,1.0,0.0,0.9999990000010001,520000001.0,0.020812632550488895,0.002542399591033541,0.9923201649835329,6.42356142541191e-08,0.25391881534016736,0
3a9c5401f637dd8d,0.0,0.0,0.0,0.0,0.0,0.0,0.0,0.0,0.0,0.0,10.0,20178108.0,2017810.8,3080985.9035182516,0.0,0.0,0.0,0.0,0.0,0.0,0.0,1.0,0.0,0.09999999000000101,20178108000001.0,0.2587512548817784,0.10574097545862561,0.5851829256006279,0.0017564945823067082,0.23785791263083467,0
3f64d17c465bbf92,1.0,1696.0,1696.0,0.0,0.0,0.0,0.0,0.0,0.0,0.0,1.0,2000.0,2000.0,0.0,0.0,0.0,0.0,0.0,0.0,0.0,1.0,1.0,0.9999990000010001,0.9999990000010001,1.1792452829131808,0.17134216204040598,0.09499998148284033,0.9967634260471061,6.163315982007894e-08,0.31577640780087807,0
40149916b115417d,1.0,5975.67,5975.67,0.0,0.0,0.0,0.0,0.0,0.0,0.0,14.0,125839.28,8988.52,6252.978464846235,0.0,0.0,0.0,0.0,0.0,0.0,1.0,1.0,0.9999990000010001,0.07142856632653098,21.058605977227888,0.12552673466129788,0.009192497330501466,0.9075668729817215,6.824378411741462e-08,0.26057154330432625,0
41face6c4b94dd88,8.0,50352.0,6294.0,118.79393923933996,0.0,0.0,0.0,0.0,0.0,0.0,25.0,7645440.0,305817.6,45650.729209217825,0.0,0.0,0.0,0.0,0.0,0.0,1.0,1.0,0.12499998437500197,0.03999999840000006,151.83984747078884,0.13625871958550617,0.00818751337045886,0.66982885326855,5.388866566590223e-06,0.2035701187727704,0
4242481819cb0f02,0.0,0.0,0.0,0.0,0.0,0.0,0.0,0.0,0.0,0.0,2.0,166370.0,83185.0,30169.64420027522,0.0,0.0,0.0,0.0,0.0,0.0,0.0,1.0,0.0,0.499999750000125,166370000001.0,0.004835018072368588,0.003882073142678803,0.6418982210472591,9.670248802646965e-09,0.16265383048313883,0
446b8f53fb0a0387,0.0,0.0,0.0,0.0,0.0,0.0,0.0,0.0,0.0,0.0,2.0,57000.0,28500.0,0.0,0.0,0.0,0.0,0.0,0.0,0.0,0.0,1.0,0.0,0.499999750000125,57000000001.0,0.0,0.004117954857466645,0.667860924985448,4.314196897305342e-09,0.1679947210392779,0
4568a94b7a61a595,0.0,0.0,0.0,0.0,0.0,0.0,0.0,0.0,0.0,0.0,3.0,13998.0,4666.0,1429.8835616930492,0.0,0.0,0.0,0.0,0.0,0.0,0.0,1.0,0.0,0.33333322222225925,13998000001.000002,0.0009290181814252067,0.0029982397573181203,0.7054554429720201,2.768983687978038e-08,0.1773456821501501,0
480b91025f5be8d0,7.0,6050000.0,864285.7142857143,780680.4114116767,0.0,0.0,0.0,0.0,0.0,0.0,18.0,593325.51,32962.528333333335,95540.01603166253,0.0,0.0,0.0,0.0,0.0,0.0,1.0,1.0,0.1428571224489825,0.055555552469135974,0.09807033223155404,0.13400268465748566,0.020586187674900835,0.36226505965335326,7.698373016074143e-07,0.12921367545576032,0
4a321015f6da531b,0.0,0.0,0.0,0.0,0.0,0.0,0.0,0.0,0.0,0.0,5.0,39753.0,7950.6,2350.7959928500813,0.0,0.0,0.0,0.0,0.0,0.0,0.0,1.0,0.0,0.199999960000008,39753000001.0,0.0033712471434259312,2.79460308105645e-05,0.7753566928435341,4.144298561978752e-08,0.19468898186518907,0
4b69be7da3b45651,0.0,0.0,0.0,0.0,0.0,0.0,0.0,0.0,0.0,0.0,1.0,160000.0,160000.0,0.0,0.0,0.0,0.0,0.0,0.0,0.0,0.0,1.0,0.0,0.9999990000010001,160000000001.0,0.02966413726665171,0.0025423995910335375,0.9398538984943541,9.113129532990178e-08,0.24301513162083366,0
4d16cd529b7aadf6,0.0,0.0,0.0,0.0,0.0,0.0,0.0,0.0,0.0,0.0,1.0,28500.0,28500.0,0.0,0.0,0.0,0.0,0.0,0.0,0.0,0.0,1.0,0.0,0.9999990000010001,28500000001.0,0.01732179886701896,0.0025423995910335306,0.9824221049716451,4.025307877393642e-08,0.2505715859206941,0
4d9970916609eedd,1.0,350000.0,350000.0,0.0,0.0,0.0,0.0,0.0,0.0,0.0,0.0,0.0,0.0,0.0,0.0,0.0,0.0,0.0,0.0,0.0,1.0,0.0,0.9999990000010001,0.0,2.857142857134694e-12,0.15577012129877357,0.016644014167215553,0.9181694420737682,2.1864564135452864e-07,0.27264594904634964,0
516b9fe460a8ab7c,0.0,0.0,0.0,0.0,0.0,0.0,0.0,0.0,0.0,0.0,1.0,15443.25,15443.25,0.0,0.0,0.0,0.0,0.0,0.0,0.0,0.0,1.0,0.0,0.9999990000010001,15443250001.000002,0.015815318212620028,0.002542399591033541,0.9870040792305583,4.992449055781921e-08,0.2513404617396756,0
524ef6bc49f42742,0.0,0.0,0.0,0.0,0.0,0.0,0.0,0.0,0.0,0.0,13.0,2516002.7,193538.66923076924,276689.27057094016,0.0,0.0,0.0,0.0,0.0,0.0,0.0,1.0,0.0,0.07692307100591762,2516002700001.0,0.061329596254206316,0.0030455688777780454,0.7576461478391076,2.5715944968982306e-05,0.20551175722901524,0
52eac05f8c0cd90c,1.0,12000.0,12000.0,0.0,0.0,0.0,0.0,0.0,0.0,0.0,1.0,24000.0,24000.0,0.0,0.0,0.0,0.0,0.0,0.0,0.0,1.0,1.0,0.9999990000010001,0.9999990000010001,1.9999999999166667,0.16947263587686098,0.0946280657702905,0.9897836539520838,3.701203801119101e-08,0.3134710981528183,0
532f3d84ba4caf61,1.0,200000.0,200000.0,0.0,0.0,0.0,0.0,0.0,0.0,0.0,1.0,200000.0,200000.0,0.0,0.0,0.0,0.0,0.0,0.0,0.0,1.0,1.0,0.9999990000010001,0.9999990000010001,1.0,0.17643614032763108,0.0944329125855077,0.9256856581706627,5.11944162516315e-07,0.29913880575699103,0
53446acfe008dbf1,3.0,9359197.09,3119732.3633333333,5283673.604132183,0.0,0.0,0.0,0.0,0.0,0.0,0.0,0.0,0.0,0.0,0.0,0.0,0.0,0.0,0.0,0.0,1.0,0.0,0.33333322222225925,0.0,1.068467722587401e-13,0.35098578160930116,0.09107870400431861,0.9999906512268266,2.1864564126414744e-07,0.36051383887152194,0
582da928bb55efa7,0.0,0.0,0.0,0.0,0.0,0.0,0.0,0.0,0.0,0.0,2.0,27805.0,13902.5,13940.610191092785,0.0,0.0,0.0,0.0,0.0,0.0,0.0,1.0,0.0,0.499999750000125,27805000001.0,0.0013135739008603151,0.004131959740949314,0.6702975367100787,3.766308566662473e-09,0.16893576852954925,0
5a0eeb2c5b3da864,0.0,0.0,0.0,0.0,0.0,0.0,0.0,0.0,0.0,0.0,1.0,222560.0,222560.0,0.0,0.0,0.0,0.0,0.0,0.0,0.0,0.0,1.0,0.0,0.9999990000010001,222560000001.00003,0.039404232462782504,0.0025423995910335484,0.921864134318395,2.1003839365532325e-07,0.2409527441026512,0
5ae9eeb0d29bc5c0,43.0,11100000.0,258139.53488372092,391263.2521045103,0.0,0.0,0.0,0.0,0.0,0.0,0.0,0.0,0.0,0.0,0.0,0.0,0.0,0.0,0.0,0.0,1.0,0.0,0.023255813412655504,0.0,9.009009009008196e-14,0.24822520648636165,0.010175374310249055,0.8066657503617709,2.186456412777848e-07,0.26626663745100576,0
6290b8d67943ece5,0.0,0.0,0.0,0.0,0.0,0.0,0.0,0.0,0.0,0.0,36.0,180669.65,5018.601388888888,2387.8080795983497,0.0,0.0,0.0,0.0,0.0,0.0,0.0,1.0,0.0,0.027777777006172864,180669650001.0,0.04872108858122953,0.004145950089974924,0.9298359688581147,3.5233728710474054e-07,0.24567583996665157,0
659207c64fee1c66,60.0,18200000.0,303333.3333333333,173661.14156712053,0.0,0.0,0.0,0.0,0.0,0.0,1.0,100000.0,100000.0,0.0,0.0,0.0,0.0,0.0,0.0,0.0,1.0,1.0,0.016666666388888893,0.9999990000010001,0.005494505494560138,0.27079860903314834,0.031418552868461194,0.8852599607138957,9.556145987492971e-08,0.29686930454424126,0
683c3112f4fb5700,0.0,0.0,0.0,0.0,0.0,0.0,0.0,0.0,0.0,0.0,5.0,77344.0,15468.8,17044.36665587783,0.0,0.0,0.0,0.0,0.0,0.0,0.0,1.0,0.0,0.199999960000008,77344000001.0,0.007355723364560641,2.79460308105645e-05,0.7693236887748086,2.710161747574712e-08,0.19417684631794932,0
6931e23e98703aa9,0.0,0.0,0.0,0.0,0.0,0.0,0.0,0.0,0.0,0.0,256.0,393427343.0,1536825.55859375,4968876.800618378,0.0,0.0,0.0,0.0,0.0,0.0,0.0,1.0,0.0,0.003906249984741211,393427343000001.0,0.6196382045646402,0.4275308643907029,0.9956260540670463,0.9999999999999736,0.7606987807555907,1
699e6f31660016bf,0.0,0.0,0.0,0.0,0.0,0.0,0.0,0.0,0.0,0.0,4.0,18000.0,4500.0,2449.489742783178,0.0,0.0,0.0,0.0,0.0,0.0,0.0,1.0,0.0,0.24999993750001562,18000000001.0,0.002061312208978638,0.0,0.745025939296652,4.01734783554492e-08,0.18677182291977723,0
6d806e49c5774c77,0.0,0.0,0.0,0.0,0.0,0.0,0.0,0.0,0.0,0.0,4.0,351076.0,87769.0,9896.019603860937,0.0,0.0,0.0,0.0,0.0,0.0,0.0,1.0,0.0,0.24999993750001562,351076000001.0,0.01264016536013512,0.00011011750175398454,0.7140180970241556,1.953434377126308e-07,0.18169214380737062,0
6e8af9f6fa6a662b,0.0,0.0,0.0,0.0,0.0,0.0,0.0,0.0,0.0,0.0,4.0,3483.56,870.89,21.079999999999995,0.0,0.0,0.0,0.0,0.0,0.0,0.0,1.0,0.0,0.24999993750001562,3483560001.0,0.0035625248031909405,0.0,0.7469150280224264,4.7545005962224986e-08,0.18761940009265582,0
6ef5667d7851dcbc,20.0,23200000.0,1160000.0,321836.8334551237,0.0,0.0,0.0,0.0,0.0,0.0,1.0,3000000.0,3000000.0,0.0,0.0,0.0,0.0,0.0,0.0,0.0,1.0,1.0,0.04999999750000012,0.9999990000010001,0.12931034482762374,0.322279052230927,0.2493982005877693,0.8546630392939758,0.00016873163674834582,0.35662725593735506,0
71aea28b46e14023,0.0,0.0,0.0,0.0,0.0,0.0,0.0,0.0,0.0,0.0,8.0,41453.86,5181.7325,3711.6452336579414,0.0,0.0,0.0,0.0,0.0,0.0,0.0,1.0,0.0,0.12499998437500197,41453860001.0,0.008645300374678063,0.0023892126717719253,0.8336108180248714,4.140591882990645e-08,0.21116134311931004,0
74b54be399407640,1.0,157929.64,157929.64,0.0,0.0,0.0,0.0,0.0,0.0,0.0,4.0,433931.76,108482.94,66095.54313798221,0.0,0.0,0.0,0.0,0.0,0.0,1.0,1.0,0.9999990000010001,0.24999993750001562,2.7476271078579826,0.12977308922731315,0.009265648192228837,0.7006587269444265,4.919920154234009e-07,0.209924489088996,0
75bcde0b4b2dbe0e,1.0,2661120.0,2661120.0,0.0,0.0,0.0,0.0,0.0,0.0,0.0,0.0,0.0,0.0,0.0,0.0,0.0,0.0,0.0,0.0,0.0,1.0,0.0,0.9999990000010001,0.0,3.757816257814846e-13,0.19003861478216355,0.027523271569799182,0.5958637307648563,2.186456413359718e-07,0.2033564589406151,0
767c3f5f72b4494f,0.0,0.0,0.0,0.0,0.0,0.0,0.0,0.0,0.0,0.0,2.0,29485.0,14742.5,9952.527945200656,0.0,0.0,0.0,0.0,0.0,0.0,0.0,1.0,0.0,0.499999750000125,29485000001.0,0.000647587351266187,0.004131436126175794,0.6708284379803078,0.0,0.16890186536443744,0
777e4d144e99f74a,0.0,0.0,0.0,0.0,0.0,0.0,0.0,0.0,0.0,0.0,6.0,6479589.0,1079931.5,1888708.7814132436,0.0,0.0,0.0,0.0,0.0,0.0,0.0,1.0,0.0,0.16666663888889352,6479589000001.001,0.1421980816460558,0.06828259183770169,0.42023856892425693,0.0002827452174617645,0.15775049690636903,0
77af13772af29f14,0.0,0.0,0.0,0.0,0.0,0.0,0.0,0.0,0.0,0.0,1.0,6076663.2,6076663.2,0.0,0.0,0.0,0.0,0.0,0.0,0.0,0.0,1.0,0.0,0.9999990000010001,6076663200001.001,0.3326162745251828,0.3399137119278229,0.9970251111524181,0.00028152397657001154,0.41745915539549844,0
7ad54077510c09e4,24.0,6900000.0,287500.0,483272.2700057616,0.0,0.0,0.0,0.0,0.0,0.0,8.0,3354940.76,419367.595,733932.9827634913,0.0,0.0,0.0,0.0,0.0,0.0,1.0,1.0,0.041666664930555625,0.12499998437500197,0.48622329855079904,0.1694819362680597,0.024422176334907,0.36619833237958926,4.4547913012909395e-05,0.14003674822389223,0
7b6d655993f0d2ed,0.0,0.0,0.0,0.0,0.0,0.0,0.0,0.0,0.0,0.0,6.0,72960.0,12160.0,10784.878302512272,0.0,0.0,0.0,0.0,0.0,0.0,0.0,1.0,0.0,0.16666663888889352,72960000001.0,0.00868765235762221,0.0018248695731631736,0.796058616062691,2.8633580978353883e-08,0.20164279165676433,0
80799e1a6646b6dc,9.0,76988367.0,8554263.0,5258938.0601606015,0.0,0.0,0.0,0.0,0.0,0.0,172.0,3239357.19,18833.47203488372,120986.91354108785,0.0,0.0,0.0,0.0,0.0,0.0,1.0,1.0,0.11111109876543349,0.005813953454570038,0.04207593064028696,0.5063913109968643,0.11057186388074312,0.9970251458432644,1.8999371711221054e-05,0.40350183002314577,0
808f1347a5fad97c,0.0,0.0,0.0,0.0,0.0,0.0,0.0,0.0,0.0,0.0,1.0,202963.5,202963.5,0.0,0.0,0.0,0.0,0.0,0.0,0.0,0.0,1.0,0.0,0.9999990000010001,202963500001.00003,0.03245564599646941,0.0025423995910335484,0.9273441132767085,1.6622396042857089e-07,0.24058558127204296,0
813f62b60a645969,0.0,0.0,0.0,0.0,0.0,0.0,0.0,0.0,0.0,0.0,2.0,17000.0,8500.0,2121.3203435596424,0.0,0.0,0.0,0.0,0.0,0.0,0.0,1.0,0.0,0.499999750000125,17000000001.000002,0.00024972651383938253,0.004145628049464646,0.6748374600951929,3.3832376831707363e-09,0.16980820451043363,0
85ee5df9d37a27a6,1.0,250000.0,250000.0,0.0,0.0,0.0,0.0,0.0,0.0,0.0,14.0,1829384.0,130670.28571428571,103633.33110868008,0.0,0.0,0.0,0.0,0.0,0.0,1.0,1.0,0.9999990000010001,0.07142856632653098,7.31753599997473,0.13260238244870787,0.009153728861773349,0.8124172597020284,5.727961542220574e-07,0.23854348595216593,0
89e588b9010869a4,16.0,5750000.0,359375.0,348759.1097973882,0.0,0.0,0.0,0.0,0.0,0.0,0.0,0.0,0.0,0.0,0.0,0.0,0.0,0.0,0.0,0.0,1.0,0.0,0.06249999609375024,0.0,1.739130434782306e-13,0.17119121259396944,0.00905242161649182,0.7366932035031413,2.1864564127925827e-07,0.22923426408981093,0
89f78d49598151f0,0.0,0.0,0.0,0.0,0.0,0.0,0.0,0.0,0.0,0.0,1.0,78328.2,78328.2,0.0,0.0,0.0,0.0,0.0,0.0,0.0,0.0,1.0,0.0,0.9999990000010001,78328200001.0,0.026248281130351218,0.002542399591033541,0.9655280202781794,2.7786981784753834e-08,0.2485796821966365,0
8a33d5e5ee28c48d,0.0,0.0,0.0,0.0,0.0,0.0,0.0,0.0,0.0,0.0,1.0,60000.0,60000.0,0.0,0.0,0.0,0.0,0.0,0.0,0.0,0.0,1.0,0.0,0.9999990000010001,60000000001.0,0.0214062134841178,0.002542399591033541,0.9716332433181434,2.7868780665454834e-08,0.24889547106551885,0
8a71b7ac75997883,2.0,303000.0,151500.0,210010.7140124046,0.0,0.0,0.0,0.0,0.0,0.0,0.0,0.0,0.0,0.0,0.0,0.0,0.0,0.0,0.0,0.0,1.0,0.0,0.499999750000125,0.0,3.300330032992408e-12,0.1706298202296828,0.0340002228090354,0.5494887213899657,2.1864564131571243e-07,0.18852974576858134,0
8cdbeda759529d03,0.0,0.0,0.0,0.0,0.0,0.0,0.0,0.0,0.0,0.0,2.0,5003828.0,2501914.0,2118613.5388012603,0.0,0.0,0.0,0.0,0.0,0.0,0.0,1.0,0.0,0.499999750000125,5003828000001.0,0.21188496352932987,0.0829401123828517,0.4183861733270202,0.0003075941943820031,0.17837971085839593,0
8d9e0be733f77f1c,223.0,353829010.09,1586677.1752914798,9526327.95000904,0.0,0.0,0.0,0.0,0.0,0.0,983.0,113293166.22,115252.45800610376,3191978.600097571,0.0,0.0,0.0,0.0,0.0,0.0,1.0,1.0,0.004484304912626435,0.001017293996930525,0.32019185253120824,0.6914993030561638,0.37210761950480875,0.9936625375497408,0.0035926113931441703,0.5152155178759644,1
917804652432403b,0.0,0.0,0.0,0.0,0.0,0.0,0.0,0.0,0.0,0.0,15.0,97173.16,6478.210666666667,3685.6626700140687,0.0,0.0,0.0,0.0,0.0,0.0,0.0,1.0,0.0,0.06666666222222252,97173160001.0,0.017648387912167187,0.002670728397160535,0.8854171687066589,3.1072903937908414e-08,0.22643407902222262,0
93712c726144e60d,0.0,0.0,0.0,0.0,0.0,0.0,0.0,0.0,0.0,0.0,3.0,30000.0,10000.0,5000.0,0.0,0.0,0.0,0.0,0.0,0.0,0.0,1.0,0.0,0.33333322222225925,30000000001.0,0.00036691287568017404,0.003312677572175635,0.7026790631104912,2.1305469001301835e-08,0.17658966871595402,0
93a0e28f1a251bcf,0.0,0.0,0.0,0.0,0.0,0.0,0.0,0.0,0.0,0.0,3.0,20043.14,6681.046666666666,6490.762116672689,0.0,0.0,0.0,0.0,0.0,0.0,0.0,1.0,0.0,0.33333322222225925,20043140001.0,0.000510922453829527,0.0029979316163692704,0.7035851882246005,2.2535238573111564e-08,0.17677351620750947,0
9d8f54ae3b88911b,32.0,49848836.96,1557776.155,3764796.0795126627,0.0,0.0,0.0,0.0,0.0,0.0,7.0,22802791.9,3257541.6999999997,7394969.11121761,0.0,0.0,0.0,0.0,0.0,0.0,1.0,1.0,0.031249999023437534,0.1428571224489825,0.45743879477665833,0.5355004106231233,0.13309762192393013,0.9972684270070632,0.00478253531815041,0.41766224871806673,1
9e10408e4640cf38,4.0,3565000.0,891250.0,832049.4276183357,0.0,0.0,0.0,0.0,0.0,0.0,0.0,0.0,0.0,0.0,0.0,0.0,0.0,0.0,0.0,0.0,1.0,0.0,0.24999993750001562,0.0,2.8050490883582594e-13,0.18285492737683115,0.024938655406075098,0.36716355524156286,2.1864564128813126e-07,0.1437393391675276,0
9e2cf0cc6f3d68e4,0.0,0.0,0.0,0.0,0.0,0.0,0.0,0.0,0.0,0.0,1.0,159000.0,159000.0,0.0,0.0,0.0,0.0,0.0,0.0,0.0,0.0,1.0,0.0,0.9999990000010001,159000000001.0,0.029542767127254482,0.0025423995910335375,0.9401532095430694,8.972641186168036e-08,0.2430596164969423,0
a1294270cfe6533d,0.0,0.0,0.0,0.0,0.0,0.0,0.0,0.0,0.0,0.0,1.0,8200.0,8200.0,0.0,0.0,0.0,0.0,0.0,0.0,0.0,0.0,1.0,0.0,0.9999990000010001,8200000001.000001,0.017464223145923344,0.002542399591033541,0.9895737852429675,5.6436702357691335e-08,0.2523951161041567,0
a2495f5178d5a17d,0.0,0.0,0.0,0.0,0.0,0.0,0.0,0.0,0.0,0.0,8.0,102700.0,12837.5,9545.109069196493,0.0,0.0,0.0,0.0,0.0,0.0,0.0,1.0,0.0,0.12499998437500197,102700000001.0,0.009689552836935603,0.0023893302423454023,0.8295123321924729,2.5958683898434244e-08,0.21039781030760943,0
a4bb2adbd377d7b6,0.0,0.0,0.0,0.0,0.0,0.0,0.0,0.0,0.0,0.0,31.0,35187.03,1135.0654838709677,2858.637822630257,0.0,0.0,0.0,0.0,0.0,0.0,0.0,1.0,0.0,0.032258063475546335,35187030001.0,0.03693266748866118,0.0038004109294112473,0.9242808080608986,2.70445463140716e-07,0.24125353923110854,0
a59e8f6f23454020,0.0,0.0,0.0,0.0,0.0,0.0,0.0,0.0,0.0,0.0,1.0,3290.0,3290.0,0.0,0.0,0.0,0.0,0.0,0.0,0.0,0.0,1.0,0.0,0.9999990000010001,3290000001.0,0.019451335836516332,0.002542399591033541,0.991327029501397,6.131663198587658e-08,0.2533302065613947,0
a6806347bb215e78,1.0,18306.87,18306.87,0.0,0.0,0.0,0.0,0.0,0.0,0.0,0.0,0.0,0.0,0.0,0.0,0.0,0.0,0.0,0.0,0.0,1.0,0.0,0.9999990000010001,0.0,5.462430223983541e-11,0.1612785209039982,0.016683436754773656,0.9924284703178311,2.1864564135719197e-07,0.29259766165556106,0
a982dff7a672f998,0.0,0.0,0.0,0.0,0.0,0.0,0.0,0.0,0.0,0.0,13.0,28500.0,2192.3076923076924,2428.46369077981,0.0,0.0,0.0,0.0,0.0,0.0,0.0,1.0,0.0,0.07692307100591762,28500000001.0,0.013916642720829491,0.0026707283971605313,0.8776367251322544,5.102108699127621e-08,0.22355603681783287,0
aab73ac39e001729,0.0,0.0,0.0,0.0,0.0,0.0,0.0,0.0,0.0,0.0,3.0,14132.0,4710.666666666667,3759.755621491021,0.0,0.0,0.0,0.0,0.0,0.0,0.0,1.0,0.0,0.33333322222225925,14132000001.000002,0.0007539209248818414,0.002998139190884086,0.7049234278135944,2.537921802481474e-08,0.1771688783271446,0
ac31ae518119510a,0.0,0.0,0.0,0.0,0.0,0.0,0.0,0.0,0.0,0.0,32.0,137516.13,4297.3790625,7427.872470023388,0.0,0.0,0.0,0.0,0.0,0.0,0.0,1.0,0.0,0.031249999023437534,137516130001.00003,0.0419958761385752,0.0038421280706959072,0.923470472625149,2.4477435895505063e-07,0.24232718040219478,0
ad57c94e5b8df8f6,23.0,24516000.0,1065913.043478261,580248.0592614504,0.0,0.0,0.0,0.0,0.0,0.0,0.0,0.0,0.0,0.0,0.0,0.0,0.0,0.0,0.0,0.0,1.0,0.0,0.04347825897920613,0.0,4.0789688366779213e-14,0.23277906555042838,0.025359323978062297,0.5981316628270126,2.1864564127151102e-07,0.21406756775028613,0
b18fbc3ad50a69af,0.0,0.0,0.0,0.0,0.0,0.0,0.0,0.0,0.0,0.0,1.0,18900.0,18900.0,0.0,0.0,0.0,0.0,0.0,0.0,0.0,0.0,1.0,0.0,0.9999990000010001,18900000001.0,0.016508624810490508,0.002542399591033541,0.9857847270379235,4.7105141492608964e-08,0.25120894963614726,0
b7cc789e957991dc,0.0,0.0,0.0,0.0,0.0,0.0,0.0,0.0,0.0,0.0,1.0,12249.38,12249.38,0.0,0.0,0.0,0.0,0.0,0.0,0.0,0.0,1.0,0.0,0.9999990000010001,12249380001.0,0.01623001471387869,0.002542399591033541,0.988134725647058,5.26951268835265e-08,0.2517267981617743,0
b7f7935acecc2c89,0.0,0.0,0.0,0.0,0.0,0.0,0.0,0.0,0.0,0.0,1.0,2329840.38,2329840.38,0.0,0.0,0.0,0.0,0.0,0.0,0.0,0.0,1.0,0.0,0.9999990000010001,2329840380001.0,0.1620051789405441,0.240171407218067,0.890137505718606,3.9883220586675225e-05,0.3230884937744509,0
c1ad1d5de1335233,4.0,335000.0,83750.0,62898.72812704562,0.0,0.0,0.0,0.0,0.0,0.0,2.0,990000.0,495000.0,21213.203435596424,0.0,0.0,0.0,0.0,0.0,0.0,1.0,1.0,0.24999993750001562,0.499999750000125,2.9552238805911784,0.1186657221000684,0.020530602794385868,0.24221968195282367,3.821790010878068e-06,0.09535495715932221,0
ca3891c167141f4d,0.0,0.0,0.0,0.0,0.0,0.0,0.0,0.0,0.0,0.0,43.0,16729.01,389.04674418604645,275.34810913357114,0.0,0.0,0.0,0.0,0.0,0.0,0.0,1.0,0.0,0.023255813412655504,16729010001.0,0.061104038049499335,0.005105933419721107,0.941497266184936,6.672702113115645e-07,0.25192697623109195,0
cb32b2a9fe28f462,9.0,4742080.0,526897.7777777778,874265.5283404719,0.0,0.0,0.0,0.0,0.0,0.0,4.0,3415646.0300000003,853911.5075000001,1159638.1642091454,0.0,0.0,0.0,0.0,0.0,0.0,1.0,1.0,0.11111109876543349,0.24999993750001562,0.7202843541231442,0.1946328312355942,0.043755164001911324,0.0,0.00012626370553847898,0.059628564735760996,0
ceada355d716d7cb,0.0,0.0,0.0,0.0,0.0,0.0,0.0,0.0,0.0,0.0,2.0,155000.0,77500.0,31819.80515339464,0.0,0.0,0.0,0.0,0.0,0.0,0.0,1.0,0.0,0.499999750000125,155000000001.0,0.004979491786257438,0.0038638689972321453,0.6435217154849224,1.5249449075160338e-08,0.16309127287946526,0
cf603eadad6f36c6,0.0,0.0,0.0,0.0,0.0,0.0,0.0,0.0,0.0,0.0,25.0,147441.04,5897.6416,2636.9762585008866,0.0,0.0,0.0,0.0,0.0,0.0,0.0,1.0,0.0,0.03999999840000006,147441040001.00003,0.03125956138049922,0.003533495379764969,0.9128515949113541,1.1834510352674804e-07,0.23691119250418047,0
d165cf0df41bf2b8,0.0,0.0,0.0,0.0,0.0,0.0,0.0,0.0,0.0,0.0,1.0,4000.0,4000.0,0.0,0.0,0.0,0.0,0.0,0.0,0.0,0.0,1.0,0.0,0.9999990000010001,4000000001.0,0.019332025402980204,0.002542399591033541,0.9910729399322166,6.058771889066454e-08,0.2532368563784873,0
d18b9e5e99859a85,0.0,0.0,0.0,0.0,0.0,0.0,0.0,0.0,0.0,0.0,1.0,18000.0,18000.0,0.0,0.0,0.0,0.0,0.0,0.0,0.0,0.0,1.0,0.0,0.9999990000010001,18000000001.0,0.015908504212184513,0.002542399591033541,0.9861017619449393,4.782123793954403e-08,0.2511381783923488,0
d730bafb027f9825,0.0,0.0,0.0,0.0,0.0,0.0,0.0,0.0,0.0,0.0,2.0,555000.0,277500.0,156977.70542341354,0.0,0.0,0.0,0.0,0.0,0.0,0.0,1.0,0.0,0.499999750000125,555000000001.0,0.03475213713662964,0.005493678482432137,0.555768233407754,1.3179819619431689e-06,0.14900384175219444,0
d8104c0f1919d0ef,0.0,0.0,0.0,0.0,0.0,0.0,0.0,0.0,0.0,0.0,3.0,746078.0,248692.66666666666,88866.90813420557,0.0,0.0,0.0,0.0,0.0,0.0,0.0,1.0,0.0,0.33333322222225925,746078000001.0,0.02782524900753905,0.0036006287733154263,0.6071233753356865,5.508598713494728e-07,0.1596374509941031,0
d877722ca4e40f98,2152.0,677167810.22,314669.0567936803,2878643.407184024,12.62360594795539,664179.9735976354,1901684.659163217,1.2714074872458778,1.136342411937153,2.917723807203852,560.0,680330652.73,1214876.1655892858,6257953.83197562,10.316071428571428,551491.8186244048,1452199.8615060356,1.2920623236454074,1.2470075304674786,2.6238681592285586,98.0,39.0,0.04553903343608781,0.0696428570184949,1.0046706923487287,0.999998228477534,0.9999999680101065,0.9970240597184006,0.10894459253417688,0.7764917121850545,1
dd4e43d43864634e,0.0,0.0,0.0,0.0,0.0,0.0,0.0,0.0,0.0,0.0,2.0,46800.0,23400.0,0.0,0.0,0.0,0.0,0.0,0.0,0.0,0.0,1.0,0.0,0.499999750000125,46800000001.0,0.0,0.00411807354425688,0.6697393638919673,4.207982225858882e-09,0.1684643604110516,0
e48c848058fa9e0d,0.0,0.0,0.0,0.0,0.0,0.0,0.0,0.0,0.0,0.0,2.0,158889.41,79444.705,85451.0614346086,0.0,0.0,0.0,0.0,0.0,0.0,0.0,1.0,0.0,0.499999750000125,158889410001.00003,0.010464884821655288,0.0039329645710760135,0.6317920306731024,4.345427668374311e-07,0.16154757865215014,0
e6b9f91a43ea4493,1.0,200000.0,200000.0,0.0,0.0,0.0,0.0,0.0,0.0,0.0,1.0,200000.0,200000.0,0.0,0.0,0.0,0.0,0.0,0.0,0.0,1.0,1.0,0.9999990000010001,0.9999990000010001,1.0,0.17643614032763108,0.0944329125855077,0.9256856581706627,5.11944162516315e-07,0.29913880575699103,0
e836147459925aef,0.0,0.0,0.0,0.0,0.0,0.0,0.0,0.0,0.0,0.0,3.0,67900.0,22633.333333333332,8409.716602438713,0.0,0.0,0.0,0.0,0.0,0.0,0.0,1.0,0.0,0.33333322222225925,67900000000.99999,0.0013607413692488378,0.0033132873081298374,0.6972661560710316,1.3851701862831134e-08,0.17548504965002804,0
ed18d013d231f2d0,0.0,0.0,0.0,0.0,0.0,0.0,0.0,0.0,0.0,0.0,12.0,55550.0,4629.166666666667,4348.743723156949,0.0,0.0,0.0,0.0,0.0,0.0,0.0,1.0,0.0,0.08333332638888948,55550000001.0,0.012102963475400099,0.002670728397160535,0.8703845524001477,3.430114670213515e-08,0.22128956964346375,0
eed8b1f54ed4366c,0.0,0.0,0.0,0.0,0.0,0.0,0.0,0.0,0.0,0.0,82.0,1228693.35,14984.06524390244,19414.387042850223,0.0,0.0,0.0,0.0,0.0,0.0,0.0,1.0,0.0,0.012195121802498515,1228693350001.0002,0.1404264192160138,0.014949817944698237,0.9987287295965863,9.35305472315339e-06,0.2885285799530054,0
f009f83433030011,0.0,0.0,0.0,0.0,0.0,0.0,0.0,0.0,0.0,0.0,8.0,11290000.0,1411250.0,1941625.8099114478,0.0,0.0,0.0,0.0,0.0,0.0,0.0,1.0,0.0,0.12499998437500197,11290000000001.0,0.17425910625459273,0.07893677696519663,0.44410674687362967,0.0005288487800706815,0.17445786971837243,0
f0be9c0037548bf2,0.0,0.0,0.0,0.0,0.0,0.0,0.0,0.0,0.0,0.0,2.0,1103621.0,551810.5,73271.11177333124,0.0,0.0,0.0,0.0,0.0,0.0,0.0,1.0,0.0,0.499999750000125,1103621000001.0,0.059268501478941436,0.008932525291353216,0.5153532032213435,8.847673887406911e-07,0.1458887786897567,0
nan,11.0,7340000.0,667272.7272727273,1070461.0306694112,0.0,0.0,0.0,0.0,0.0,0.0,3.0,34770.19,11590.063333333334,2749.9925093049496,0.0,0.0,0.0,0.0,0.0,0.0,1.0,1.0,0.09090908264462885,0.33333322222225925,0.004737083106402625,0.14625477002328754,0.03000957729861858,0.2898840768653111,3.494320714286519e-08,0.1165371147826061,0
