id,date,debit_inn,credit_inn,amount,risk_score,rule_score,iso_score
,2021-12-20,,d877722ca4e40f98,100000.0,0.9999999988650218,1.0,0.8846271630714444
,2021-12-20,,d877722ca4e40f98,100000.0,0.9996631999992434,1.0,0.8838853011649309
,2021-12-20,,d877722ca4e40f98,100000.0,0.9996631999992434,1.0,0.8838853011649309
,2021-12-20,,d877722ca4e40f98,100000.0,0.9996631999992434,1.0,0.8838853011649309
,2021-12-20,,d877722ca4e40f98,100000.0,0.9996631999992434,1.0,0.8838853011649309
,2021-07-07,d877722ca4e40f98,f009f83433030011,6132000.0,0.9494642099650494,1.0,0.7733127243667203
,2021-07-16,d877722ca4e40f98,365a9e654bc3d301,18900000.0,0.9427934784328722,1.0,0.7586192021635945
,2020-04-15,d877722ca4e40f98,0a10966a0ec7c164,48000.0,0.9386832234264381,1.0,0.7495656039328416
,2019-11-25,d877722ca4e40f98,4a321015f6da531b,8220.0,0.9374214315418491,1.0,0.7467862735127069
,2020-04-15,d877722ca4e40f98,0a10966a0ec7c164,153600.0,0.934419440419258,1.0,0.7401738318336186
,2019-12-17,d877722ca4e40f98,e48c848058fa9e0d,139867.73,0.9335281408288219,1.0,0.7382105793389651
,2020-08-26,d877722ca4e40f98,f009f83433030011,500000.0,0.9330099752541551,1.0,0.7370692236511314
,2022-08-04,d877722ca4e40f98,cb32b2a9fe28f462,127000.0,0.9322255509084932,1.0,0.7353413836857459
,2022-05-20,d877722ca4e40f98,07def9dd5165823e,118.1,0.9300730110591265,1.0,0.7306000158286796
,2019-01-16,d877722ca4e40f98,3f64d17c465bbf92,2000.0,0.9280451708853487,1.0,0.7261333221123953
,2021-02-24,d877722ca4e40f98,f009f83433030011,1000000.0,0.9264664445427432,1.0,0.72265588482447
,2020-06-25,d877722ca4e40f98,365a9e654bc3d301,500000.0,0.9252873379753864,1.0,0.7200586841360992
,2020-10-27,d877722ca4e40f98,ceada355d716d7cb,55000.0,0.924483003983089,1.0,0.7182869894849889
,2021-01-27,d877722ca4e40f98,f009f83433030011,1000000.0,0.9241407525794113,1.0,0.7175331173534645
,2021-05-05,d877722ca4e40f98,917804652432403b,4999.97,0.9240157944581605,1.0,0.7172578739382255
,2020-12-21,d877722ca4e40f98,f009f83433030011,1000000.0,0.9230728767055923,1.0,0.7151809228772733
,2019-12-17,d877722ca4e40f98,aab73ac39e001729,1784.0,0.9225041244717913,1.0,0.7139281406996184
,2020-11-05,d877722ca4e40f98,917804652432403b,2726.98,0.9222969957315615,1.0,0.7134719012708854
,2022-02-09,d877722ca4e40f98,5a0eeb2c5b3da864,222560.0,0.9213320903857424,1.0,0.7113465184617711
,2019-02-27,d877722ca4e40f98,659207c64fee1c66,100000.0,0.9200823440788595,1.0,0.7085937206584293
,2021-09-03,d877722ca4e40f98,917804652432403b,4999.47,0.9198279490436969,1.0,0.708033368457251
,2020-06-05,d877722ca4e40f98,917804652432403b,9668.74,0.9194680530752952,1.0,0.7072406309026039
,2023-01-09,d877722ca4e40f98,524ef6bc49f42742,959369.6,0.9193123997630802,1.0,0.7068977756418293
,2020-07-09,d877722ca4e40f98,d730bafb027f9825,388500.0,0.9189233272995134,1.0,0.7060407714505399
,2021-07-07,d877722ca4e40f98,917804652432403b,4999.97,0.9188521326073047,1.0,0.7058839519494597
,2021-10-22,d877722ca4e40f98,917804652432403b,14447.51,0.9185065208130047,1.0,0.7051226779349512
,2021-07-20,d877722ca4e40f98,777e4d144e99f74a,4931506.0,0.9173645488638358,1.0,0.7026072731237217
,2020-01-10,d877722ca4e40f98,3a9c5401f637dd8d,9447532.0,0.9172858174043343,1.0,0.7024338524962104
,2019-12-27,d877722ca4e40f98,6ef5667d7851dcbc,3000000.0,0.9171776145346475,1.0,0.7021955156270808
,2020-10-20,d877722ca4e40f98,4a321015f6da531b,8905.0,0.9170126018122224,1.0,0.7018320445311363
,2021-03-05,d877722ca4e40f98,917804652432403b,4999.97,0.9166643894429867,1.0,0.7010650422684773
,2020-09-09,d877722ca4e40f98,f009f83433030011,200000.0,0.916580188980303,1.0,0.700879575148119
,2021-07-09,d877722ca4e40f98,365a9e654bc3d301,2320696.0,0.916526726965816,1.0,0.7007618151553661
,2020-02-27,d877722ca4e40f98,52eac05f8c0cd90c,24000.0,0.9163507819247924,1.0,0.7003742636020859
,2020-12-21,d877722ca4e40f98,1d83fd5f5fefc19f,158620.67,0.9162447980539983,1.0,0.70014081448917
,2020-12-30,d877722ca4e40f98,917804652432403b,4999.97,0.9160848146848886,1.0,0.6997884214757789
,2021-10-05,d877722ca4e40f98,917804652432403b,4999.97,0.91602622363024,1.0,0.6996593638217229
,2021-06-04,d877722ca4e40f98,917804652432403b,4999.97,0.91602622363024,1.0,0.6996593638217229
,2021-02-05,d877722ca4e40f98,917804652432403b,4999.97,0.9160247374336852,1.0,0.6996560901984371
,2021-04-05,d877722ca4e40f98,917804652432403b,4999.47,0.9157966601204197,1.0,0.6991537076560829
,2022-08-11,d877722ca4e40f98,cb32b2a9fe28f462,2570000.0,0.9144743660082263,1.0,0.6962411098693404
,2020-12-04,d877722ca4e40f98,917804652432403b,4999.97,0.9142088619814832,1.0,0.6956562880558477
,2020-07-03,d877722ca4e40f98,89f78d49598151f0,78328.2,0.9140644302584882,1.0,0.6953381504245509
,2021-10-27,d877722ca4e40f98,4a321015f6da531b,10960.0,0.9136153248368393,1.0,0.6943489125197257
,2020-09-28,d877722ca4e40f98,f009f83433030011,1158000.0,0.9133636572830056,1.0,0.6937945681015427
,2021-10-27,d877722ca4e40f98,4a321015f6da531b,7080.0,0.9128639504126909,1.0,0.6926938711302123
,2021-08-05,d877722ca4e40f98,917804652432403b,4999.97,0.9124349809367163,1.0,0.6917489863766749
,2019-07-02,d877722ca4e40f98,813f62b60a645969,7000.0,0.9120445173106891,1.0,0.6908889178923014
,2021-01-21,d877722ca4e40f98,aab73ac39e001729,8951.0,0.9119976945321786,1.0,0.6907857820469542
,2021-03-22,d877722ca4e40f98,aab73ac39e001729,3397.0,0.9117283259285499,1.0,0.6901924477868132
,2020-12-11,d877722ca4e40f98,4a321015f6da531b,4588.0,0.9116644973180984,1.0,0.6900518534456468
,2022-05-24,d877722ca4e40f98,333706e1b48a76ee,200000.0,0.9111474432365229,1.0,0.6889129460272925
,2021-05-21,d877722ca4e40f98,b7f7935acecc2c89,2329840.38,0.9092428426084619,1.0,0.684717710245203
,2020-09-08,d877722ca4e40f98,f009f83433030011,300000.0,0.9089532221313621,1.0,0.684079767481322
,2019-10-04,d877722ca4e40f98,2ebab5456c6c09c5,28500.0,0.9076458821617555,1.0,0.6812001089644427
,2019-12-26,d877722ca4e40f98,0b84385c8f9b55ba,270579.06,0.9067933287295441,1.0,0.6793222020624605
,2020-01-10,d877722ca4e40f98,3a9c5401f637dd8d,1552468.0,0.9055151974849354,1.0,0.676506881174402
,2020-08-24,d877722ca4e40f98,365a9e654bc3d301,300000.0,0.904499365168268,1.0,0.6742693222758606
,2021-01-18,d877722ca4e40f98,813f62b60a645969,10000.0,0.9043309914094888,1.0,0.6738984478745882
,2020-01-23,d877722ca4e40f98,3a9c5401f637dd8d,5000000.0,0.9042328222507311,1.0,0.6736822121129012
,2021-11-11,d877722ca4e40f98,6d806e49c5774c77,100000.0,0.904142333277611,1.0,0.6734828933831243
,2021-01-11,d877722ca4e40f98,6d806e49c5774c77,80000.0,0.9039891235317407,1.0,0.6731454205299862
,2021-03-19,d877722ca4e40f98,1d83fd5f5fefc19f,160000.0,0.9035535729251711,1.0,0.6721860396169118
,2020-12-22,d877722ca4e40f98,c1ad1d5de1335233,480000.0,0.902537447232558,1.0,0.6699478345034909
,2020-12-29,d877722ca4e40f98,6d806e49c5774c77,79460.0,0.9024067549037978,1.0,0.6696599604337351
,2021-11-11,d877722ca4e40f98,93a0e28f1a251bcf,7080.0,0.9022174130734179,1.0,0.6692428999696393
,2020-11-26,d877722ca4e40f98,e48c848058fa9e0d,19021.68,0.9021485149005115,1.0,0.6690911389778393
,2021-09-22,d877722ca4e40f98,6e8af9f6fa6a662b,902.51,0.9020974538315902,1.0,0.6689786675125601
,2022-09-27,d877722ca4e40f98,cb32b2a9fe28f462,170000.0,0.901978947844327,1.0,0.6687176361179282
,2021-10-27,d877722ca4e40f98,6d806e49c5774c77,91616.0,0.900936332519701,1.0,0.6664210826818001
,2021-07-09,d877722ca4e40f98,365a9e654bc3d301,80000.0,0.9008099362522795,1.0,0.6661426714831495
,2021-03-12,d877722ca4e40f98,1d83fd5f5fefc19f,547423.99,0.9000032189822411,1.0,0.6643657272212232
,2020-12-21,d877722ca4e40f98,1d83fd5f5fefc19f,2189587.9,0.8999698233742071,1.0,0.6642921672067377
,2022-08-03,d877722ca4e40f98,a982dff7a672f998,10000.0,0.8993186725601707,1.0,0.6628578868886835
,2021-03-31,d877722ca4e40f98,480b91025f5be8d0,400000.0,0.8992176855014461,1.0,0.6626354441801976
,2021-06-17,d877722ca4e40f98,385844c16cc4dcb1,520.0,0.8987885550278203,1.0,0.6616902047995027
,2021-04-21,d877722ca4e40f98,01e8b06bcab97b76,10000.0,0.8986989859910655,1.0,0.6614929124000225
,2020-09-04,d877722ca4e40f98,365a9e654bc3d301,200000.0,0.8986679535891564,1.0,0.6614245577849003
,2021-07-30,d877722ca4e40f98,93a0e28f1a251bcf,0.01,0.8985829661344851,1.0,0.6612373571688692
,2020-06-05,d877722ca4e40f98,20b5688cbd9506bf,8823.78,0.8980089018884346,1.0,0.6599728742999852
,2020-05-20,d877722ca4e40f98,20b5688cbd9506bf,2646.52,0.8971733513432328,1.0,0.6581324194070647
,2019-01-16,d877722ca4e40f98,0ce0b6eeec2d8629,33600.0,0.8956648263394437,1.0,0.6548096135753162
,2021-05-20,d877722ca4e40f98,1d83fd5f5fefc19f,160000.0,0.8952703544278433,1.0,0.6539407160992822
,2021-12-30,d877722ca4e40f98,4d16cd529b7aadf6,28500.0,0.893480714681458,1.0,0.6499987029599036
,2021-10-20,d877722ca4e40f98,d8104c0f1919d0ef,300000.0,0.893471481286738,1.0,0.6499783646971999
,2020-08-05,d877722ca4e40f98,20b5688cbd9506bf,7825.31,0.893347646899811,1.0,0.649705596515023
,2021-11-19,d877722ca4e40f98,1c3f31b0b8c13d69,6831.39,0.8931703891314977,1.0,0.6493151534366551
,2023-01-12,d877722ca4e40f98,524ef6bc49f42742,552646.6,0.892974077636843,1.0,0.6488827409956022
,2020-07-13,d877722ca4e40f98,6e8af9f6fa6a662b,860.35,0.8928697808706286,1.0,0.6486530080431229
,2019-12-26,d877722ca4e40f98,0b84385c8f9b55ba,924389.31,0.8928021961869617,1.0,0.6485041402547458
,2020-07-08,d877722ca4e40f98,365a9e654bc3d301,500000.0,0.8927011491168475,1.0,0.648281565360055
,2024-02-02,d877722ca4e40f98,524ef6bc49f42742,157063.0,0.8923070266600123,1.0,0.6474134376228909
,2021-07-07,d877722ca4e40f98,4242481819cb0f02,104518.16,0.8922156600461107,1.0,0.6472121857266769
,2020-07-03,d877722ca4e40f98,20b5688cbd9506bf,7857.01,0.8921206188823133,1.0,0.6470028399534686
,2022-08-04,d877722ca4e40f98,,10004.71,0.8914806327235573,1.0,0.6455931518573409
,2021-05-11,d877722ca4e40f98,1d83fd5f5fefc19f,99401.87,0.8914154535625334,1.0,0.6454495826782986
,2021-01-14,d877722ca4e40f98,767c3f5f72b4494f,21780.0,0.8913571773712593,1.0,0.6453212185691646
,2020-01-23,d877722ca4e40f98,3a9c5401f637dd8d,3000000.0,0.8912262740242873,1.0,0.6450328796926984
,2022-08-11,d877722ca4e40f98,cb32b2a9fe28f462,548646.03,0.8906971773537131,1.0,0.6438674462407324
,2022-02-09,d877722ca4e40f98,71aea28b46e14023,5196.24,0.8901818271012949,1.0,0.6427322918217958
,2021-06-08,d877722ca4e40f98,1d83fd5f5fefc19f,68974.92,0.8899550449540424,1.0,0.6422327621225634
,2023-03-07,d877722ca4e40f98,524ef6bc49f42742,290430.0,0.8897666206243529,1.0,0.6418177226237394
,2023-03-30,d877722ca4e40f98,524ef6bc49f42742,88524.0,0.8897496756545373,1.0,0.641780398188029
,2024-12-16,d877722ca4e40f98,524ef6bc49f42742,31562.5,0.8897496756545373,1.0,0.641780398188029
,2024-03-06,d877722ca4e40f98,524ef6bc49f42742,36418.0,0.8894689427825401,1.0,0.6411620320211487
,2020-06-11,d877722ca4e40f98,086628377cd0ba48,210040.0,0.8889623888622721,1.0,0.6400462531536234
,2021-07-09,d877722ca4e40f98,1d83fd5f5fefc19f,31665.29,0.8886949365929273,1.0,0.6394571399748157
,2020-07-13,d877722ca4e40f98,6e8af9f6fa6a662b,860.35,0.8883078196031207,1.0,0.6386044430768079
,2020-01-10,d877722ca4e40f98,582da928bb55efa7,23760.0,0.8882976345845851,1.0,0.638582008686326
,2021-09-15,d877722ca4e40f98,40149916b115417d,10626.46,0.8882775150298641,1.0,0.6385376916391503
,2020-02-20,d877722ca4e40f98,049bf023bb521a6f,70.0,0.8882491274149048,1.0,0.6384751626573308
,2022-08-03,d877722ca4e40f98,480b91025f5be8d0,899.51,0.8880613754553595,1.0,0.6380616041783314
,2020-08-31,d877722ca4e40f98,365a9e654bc3d301,200000.0,0.888020150691436,1.0,0.6379707989973548
,2023-03-23,d877722ca4e40f98,524ef6bc49f42742,9013.0,0.8877770869393595,1.0,0.6374354060467189
,2022-04-13,d877722ca4e40f98,71aea28b46e14023,6581.9,0.8877404251418026,1.0,0.637354651644625
,2023-03-06,d877722ca4e40f98,524ef6bc49f42742,206658.0,0.8875227202256668,1.0,0.6368751162288251
,2021-07-20,d877722ca4e40f98,777e4d144e99f74a,211065.0,0.8873199147065116,1.0,0.6364283994955482
,2021-12-21,d877722ca4e40f98,808f1347a5fad97c,202963.5,0.8871025724695216,1.0,0.6359496629477671
,2022-08-03,d877722ca4e40f98,cf603eadad6f36c6,5438.5,0.8865840086718633,1.0,0.6348074301000086
,2020-05-27,d877722ca4e40f98,446b8f53fb0a0387,28500.0,0.8865092976719644,1.0,0.6346428652797131
,2020-06-19,d877722ca4e40f98,20b5688cbd9506bf,7142.99,0.8864762464020233,1.0,0.634570063733679
,2020-03-05,d877722ca4e40f98,225acb9ed4f34af6,8421.15,0.8861740314462625,1.0,0.6339043792969472
,2020-09-08,d877722ca4e40f98,365a9e654bc3d301,150000.0,0.8861504051775363,1.0,0.6338523380624244
,2021-04-20,d877722ca4e40f98,1d83fd5f5fefc19f,160000.0,0.8852875255483295,1.0,0.6319516857982432
,2020-09-09,d877722ca4e40f98,365a9e654bc3d301,90000.0,0.8852809454263708,1.0,0.6319371918604145
,2019-12-26,d877722ca4e40f98,7ad54077510c09e4,878425.21,0.8847103050559352,1.0,0.630680250711974
,2022-08-03,d877722ca4e40f98,480b91025f5be8d0,5577.0,0.8846077582990381,1.0,0.6304543724792706
,2022-08-03,d877722ca4e40f98,480b91025f5be8d0,5577.0,0.8846077582990381,1.0,0.6304543724792706
,2020-08-31,d877722ca4e40f98,d730bafb027f9825,166500.0,0.8839920878495409,1.0,0.6290982442381833
,2021-02-10,d877722ca4e40f98,1d83fd5f5fefc19f,207474.25,0.8834305722108703,1.0,0.6278614020021541
,2019-12-26,d877722ca4e40f98,0b84385c8f9b55ba,330474.66,0.8832034439957659,1.0,0.6273611100243562
,2020-02-28,d877722ca4e40f98,ac31ae518119510a,45000.0,0.8831706736389949,1.0,0.6272889272416291
,2020-12-25,d877722ca4e40f98,93712c726144e60d,15000.0,0.8820608539384793,1.0,0.6248443437154697
,2022-08-03,d877722ca4e40f98,1dee298b3b4c3881,22500.0,0.8817090100118137,1.0,0.6240693422746894
,2020-12-21,d877722ca4e40f98,f0be9c0037548bf2,500000.0,0.8816803187405685,1.0,0.6240061444336364
,2021-07-09,d877722ca4e40f98,40149916b115417d,8341.16,0.8812930718121323,1.0,0.6231531613217209
,2021-03-05,d877722ca4e40f98,40149916b115417d,14614.86,0.880623928830414,1.0,0.6216792499206222
,2019-12-11,d877722ca4e40f98,4b69be7da3b45651,160000.0,0.8804229339671663,1.0,0.6212365214924734
,2020-03-19,d877722ca4e40f98,0c22384d93788af3,390247.55,0.880251065766815,1.0,0.6208579499361618
,2019-11-25,d877722ca4e40f98,0c22384d93788af3,201030.79,0.880251065766815,1.0,0.6208579499361618
,2023-03-06,d877722ca4e40f98,524ef6bc49f42742,129232.0,0.8800217720491056,1.0,0.6203528880376353
,2022-08-03,d877722ca4e40f98,1dee298b3b4c3881,30000.0,0.8799049210480732,1.0,0.6200955020568256
,2021-07-12,d877722ca4e40f98,767c3f5f72b4494f,7705.0,0.8793300174632127,1.0,0.6188291703886938
,2021-07-20,d877722ca4e40f98,777e4d144e99f74a,283277.0,0.8792803319867384,1.0,0.618719728920659
,2021-07-20,d877722ca4e40f98,777e4d144e99f74a,359615.0,0.8792803319867384,1.0,0.618719728920659
,2021-04-09,d877722ca4e40f98,1d83fd5f5fefc19f,51991.94,0.8791770115763957,1.0,0.6184921465728934
,2021-07-20,d877722ca4e40f98,777e4d144e99f74a,444126.0,0.8790015658894738,1.0,0.6181056949395461
,2022-04-01,d877722ca4e40f98,480b91025f5be8d0,119909.4,0.8789037979888693,1.0,0.61789034302329
,2020-07-20,d877722ca4e40f98,20b5688cbd9506bf,7173.69,0.8786522430399044,1.0,0.6173362466381946
,2023-06-13,d877722ca4e40f98,524ef6bc49f42742,14672.0,0.8782041172086431,1.0,0.616349166462704
,2021-04-01,d877722ca4e40f98,8cdbeda759529d03,4000000.0,0.878109875392334,1.0,0.6161415814004478
,2023-06-13,d877722ca4e40f98,524ef6bc49f42742,12460.0,0.8780009089309346,1.0,0.6159015625790869
,2021-01-21,d877722ca4e40f98,1d83fd5f5fefc19f,34469.61,0.8778126811876561,1.0,0.6154869560982588
,2021-03-18,d877722ca4e40f98,e836147459925aef,23100.0,0.8774519765576977,1.0,0.6146924373166978
,2021-08-20,d877722ca4e40f98,4242481819cb0f02,61851.84,0.8768663241164439,1.0,0.6134024293007304
,2021-11-11,d877722ca4e40f98,40149916b115417d,23123.28,0.8762430837336254,1.0,0.6120296268788884
,2021-05-05,d877722ca4e40f98,032f0b4d2498f263,1000000.0,0.8761053857365946,1.0,0.6117263215267036
,2021-01-21,d877722ca4e40f98,699e6f31660016bf,4500.0,0.8755713548569314,1.0,0.6105500195649718
,2021-03-02,d877722ca4e40f98,dd4e43d43864634e,23400.0,0.8755035260798845,1.0,0.6104006141156981
,2021-12-30,d877722ca4e40f98,40149916b115417d,3983.77,0.8752326199084076,1.0,0.6098038930774793
,2019-02-05,d877722ca4e40f98,ca3891c167141f4d,82.76,0.8751580441129755,1.0,0.6096396260700736
,2020-02-20,d877722ca4e40f98,049bf023bb521a6f,7700.0,0.8746020827253781,1.0,0.6084150181011668
,2020-06-19,d877722ca4e40f98,0c22384d93788af3,390247.55,0.8741072482999223,1.0,0.6073250535924417
,2020-11-24,d877722ca4e40f98,0c22384d93788af3,194535.97,0.8731530461088863,1.0,0.6052232464648983
,2021-01-18,d877722ca4e40f98,2b652fbf87f8d72b,13600.0,0.872949260187751,1.0,0.6047743702146039
,2021-09-27,d877722ca4e40f98,4568a94b7a61a595,5900.0,0.8728878408871558,1.0,0.604639082824811
,2022-08-03,d877722ca4e40f98,ac31ae518119510a,3000.0,0.8726944376292008,1.0,0.6042130763139493
,2019-02-13,d877722ca4e40f98,a982dff7a672f998,1000.0,0.8726030410515319,1.0,0.6040117584169854
,2020-04-24,d877722ca4e40f98,3a9c5401f637dd8d,12159.0,0.8718600678386386,1.0,0.6023752222519013
,2020-01-23,d877722ca4e40f98,3a9c5401f637dd8d,279042.0,0.8717925772359169,1.0,0.602226561694238
,2022-08-02,d877722ca4e40f98,ca3891c167141f4d,760.11,0.8717917900337474,1.0,0.6022248277356013
,2020-01-23,d877722ca4e40f98,3a9c5401f637dd8d,560956.0,0.8716988576828129,1.0,0.6020201270134604
,2020-09-30,d877722ca4e40f98,0ce0b6eeec2d8629,38500.0,0.87149681656816,1.0,0.6015750940227342
,2023-03-07,d877722ca4e40f98,524ef6bc49f42742,27954.0,0.8713097867448304,1.0,0.6011631261825529
,2021-01-13,d877722ca4e40f98,a2495f5178d5a17d,16900.0,0.8710501842148289,1.0,0.6005913035091079
,2022-08-11,d877722ca4e40f98,c1ad1d5de1335233,510000.0,0.8708626967010007,1.0,0.6001783275207988
,2022-03-16,d877722ca4e40f98,71aea28b46e14023,1991.89,0.8708006958489755,1.0,0.6000417591562274
,2022-05-26,d877722ca4e40f98,480b91025f5be8d0,5577.0,0.8706990484275993,1.0,0.5998178618766445
,2020-04-24,d877722ca4e40f98,3a9c5401f637dd8d,15710.0,0.8706760081342689,1.0,0.599767111361505
,2021-04-20,d877722ca4e40f98,35a482f88fe31cd3,155000.0,0.8705297731181066,1.0,0.5994450016428794
,2021-05-11,d877722ca4e40f98,40149916b115417d,15612.94,0.8698962615875236,1.0,0.5980495751149707
,2021-11-19,d877722ca4e40f98,7ad54077510c09e4,344439.18,0.8695529543246555,1.0,0.597293377257942
,2021-12-08,d877722ca4e40f98,40149916b115417d,1645.48,0.8694439164069544,1.0,0.5970532010408367
,2020-03-12,d877722ca4e40f98,cf603eadad6f36c6,526.96,0.8690813306829656,1.0,0.5962545388011306
,2021-10-21,d877722ca4e40f98,d8104c0f1919d0ef,300000.0,0.8689843782189312,1.0,0.5960409830350103
,2020-06-05,d877722ca4e40f98,225acb9ed4f34af6,11764.36,0.8686432563673907,1.0,0.59528959895136
,2020-01-23,d877722ca4e40f98,3a9c5401f637dd8d,297946.0,0.8685565701295614,1.0,0.5950986564506605
,2022-08-26,d877722ca4e40f98,a982dff7a672f998,3000.0,0.8677483410690003,1.0,0.5933183821899918
,2020-07-22,d877722ca4e40f98,446b8f53fb0a0387,28500.0,0.8674215022597425,1.0,0.5925984591534392
,2019-05-13,d877722ca4e40f98,0ce0b6eeec2d8629,38500.0,0.8672144886293734,1.0,0.592142473275503
,2021-03-12,d877722ca4e40f98,93712c726144e60d,10000.0,0.8671819131933022,1.0,0.5920707198417329
,2021-03-11,d877722ca4e40f98,dd4e43d43864634e,23400.0,0.8670000377807742,1.0,0.5916701055463904
,2020-04-24,d877722ca4e40f98,3a9c5401f637dd8d,12295.0,0.8669836551757599,1.0,0.5916340198233538
,2019-04-23,d877722ca4e40f98,85ee5df9d37a27a6,250000.0,0.866665503186067,1.0,0.5909332311164525
,2021-03-02,d877722ca4e40f98,699e6f31660016bf,1500.0,0.8664475101967611,1.0,0.590453061166119
,2022-02-18,d877722ca4e40f98,b18fbc3ad50a69af,18900.0,0.8664049355386441,1.0,0.5903592825930623
,2022-05-11,d877722ca4e40f98,71aea28b46e14023,173.21,0.8661913435883135,1.0,0.58988880674653
,2019-09-04,d877722ca4e40f98,0c22384d93788af3,201030.79,0.8661753356743179,1.0,0.5898535463498875
,2022-08-03,d877722ca4e40f98,a4bb2adbd377d7b6,602.07,0.8658617348676008,1.0,0.5891627824667673
,2021-08-31,d877722ca4e40f98,480b91025f5be8d0,4648.8,0.8656447424343876,1.0,0.5886848164266192
,2022-04-18,d877722ca4e40f98,85ee5df9d37a27a6,30000.0,0.8654927459583566,1.0,0.5883500160251063
,2021-08-10,d877722ca4e40f98,40149916b115417d,2990.07,0.865388385819512,1.0,0.5881201434826666
,2020-08-05,d877722ca4e40f98,225acb9ed4f34af6,6087.36,0.8652619593581725,1.0,0.5878416657763169
,2021-04-09,d877722ca4e40f98,40149916b115417d,12832.57,0.8651261523951678,1.0,0.5875425257769594
,2021-02-11,d877722ca4e40f98,40149916b115417d,10836.37,0.864590075098324,1.0,0.5863617162022118
,2021-12-08,d877722ca4e40f98,cf603eadad6f36c6,5438.5,0.8643038698147995,1.0,0.585731296034973
,2020-02-05,d877722ca4e40f98,699e6f31660016bf,4500.0,0.8642045171999008,1.0,0.5855124534918561
,2020-10-07,d877722ca4e40f98,a982dff7a672f998,2000.0,0.8639383048140566,1.0,0.5849260713861936
,2021-02-17,d877722ca4e40f98,93712c726144e60d,5000.0,0.8638709699947695,1.0,0.5847777539704099
,2020-03-12,d877722ca4e40f98,cf603eadad6f36c6,5445.28,0.8637724192521016,1.0,0.584560677699458
,2022-08-22,d877722ca4e40f98,71aea28b46e14023,2025.86,0.8637030849326504,1.0,0.5844079560140806
,2022-08-11,d877722ca4e40f98,71aea28b46e14023,10144.26,0.8635558994758038,1.0,0.5840837527737432
,2020-11-16,d877722ca4e40f98,40149916b115417d,6558.87,0.8635410035058273,1.0,0.5840509416398324
,2021-09-22,d877722ca4e40f98,1dee298b3b4c3881,32000.0,0.8632371171723585,1.0,0.5833815756840128
,2020-07-03,d877722ca4e40f98,225acb9ed4f34af6,10475.34,0.8627062284855068,1.0,0.5822121949841575
,2022-05-11,d877722ca4e40f98,cf603eadad6f36c6,5438.5,0.8626550736001232,1.0,0.5820995168707367
,2021-06-21,d877722ca4e40f98,0c22384d93788af3,61065.01,0.8626221014627632,1.0,0.5820268896288748
,2020-08-06,d877722ca4e40f98,85ee5df9d37a27a6,100000.0,0.862550503879351,1.0,0.5818691826852688
,2020-10-09,d877722ca4e40f98,40149916b115417d,1224.66,0.8622672525702086,1.0,0.5812452691939414
,2020-09-23,d877722ca4e40f98,cf603eadad6f36c6,5445.28,0.8620349871578983,1.0,0.5807336615874386
,2019-12-25,d877722ca4e40f98,a4bb2adbd377d7b6,16527.0,0.8619192575739895,1.0,0.5804787457356283
,2021-06-08,d877722ca4e40f98,40149916b115417d,9909.59,0.8617731084257864,1.0,0.5801568251570932
,2021-05-11,d877722ca4e40f98,a982dff7a672f998,1000.0,0.8616893651197716,1.0,0.5799723650090034
,2021-11-30,d877722ca4e40f98,cf603eadad6f36c6,5438.5,0.8608355180855766,1.0,0.5780916087089637
,2020-12-16,d877722ca4e40f98,582da928bb55efa7,4045.0,0.8608273749056322,1.0,0.5780736718463063
,2020-01-10,d877722ca4e40f98,a982dff7a672f998,2000.0,0.8606049479925212,1.0,0.5775837353572416
,2020-12-25,d877722ca4e40f98,14f253ce33aac781,7000.0,0.8601272997689671,1.0,0.5765316266425943
,2020-06-19,d877722ca4e40f98,225acb9ed4f34af6,9523.67,0.8600090476518879,1.0,0.5762711544440823
,2021-03-18,d877722ca4e40f98,e836147459925aef,30800.0,0.8598099327674755,1.0,0.5758325670176548
,2021-06-16,d877722ca4e40f98,032f0b4d2498f263,2000000.0,0.8590464757004694,1.0,0.5741509113684843
,2019-12-11,d877722ca4e40f98,683c3112f4fb5700,17100.0,0.8587743188444441,1.0,0.5735514354658111
,2020-01-09,d877722ca4e40f98,ca3891c167141f4d,82.76,0.8585194702338806,1.0,0.5729900841807704
,2021-08-25,d877722ca4e40f98,480b91025f5be8d0,4648.8,0.8584220482370092,1.0,0.5727754941815776
,2021-06-10,d877722ca4e40f98,1dee298b3b4c3881,33000.0,0.8581408962994111,1.0,0.5721562049450643
,2021-05-24,d877722ca4e40f98,ac31ae518119510a,3000.0,0.8580152009682914,1.0,0.571879337688493
,2022-01-21,d877722ca4e40f98,ac31ae518119510a,3000.0,0.8580152009682914,1.0,0.571879337688493
,2021-10-27,d877722ca4e40f98,a982dff7a672f998,1000.0,0.8576502363851116,1.0,0.5710754355706459
,2021-06-15,d877722ca4e40f98,032f0b4d2498f263,1500000.0,0.8573723430914603,1.0,0.5704633241012111
,2019-12-11,d877722ca4e40f98,9d8f54ae3b88911b,20000000.0,0.8572600553925386,1.0,0.5702159896388233
,2020-05-12,d877722ca4e40f98,41face6c4b94dd88,264000.0,0.8572265674852151,1.0,0.5701422263180511
,2021-07-12,d877722ca4e40f98,a982dff7a672f998,2000.0,0.8571105762909876,1.0,0.569886734221041
,2019-08-05,d877722ca4e40f98,0ce0b6eeec2d8629,38500.0,0.857088858155995,1.0,0.5698388960046196
,2020-11-05,d877722ca4e40f98,ed18d013d231f2d0,1500.0,0.8570296819794205,1.0,0.5697085495111057
,2019-07-02,d877722ca4e40f98,0ce0b6eeec2d8629,38500.0,0.8568140672513294,1.0,0.5692336181217599
,2020-10-21,d877722ca4e40f98,0ce0b6eeec2d8629,38500.0,0.8565119711317531,1.0,0.5685681954437432
,2022-01-18,d877722ca4e40f98,480b91025f5be8d0,4648.8,0.8564557406013301,1.0,0.5684443372816694
,2020-10-23,d877722ca4e40f98,0ce0b6eeec2d8629,38500.0,0.8564049393764985,1.0,0.5683324381711432
,2021-05-12,d877722ca4e40f98,032f0b4d2498f263,1000000.0,0.8561131990957833,1.0,0.567689826147026
,2022-05-26,d877722ca4e40f98,a982dff7a672f998,1500.0,0.8559866752112069,1.0,0.5674111338479457
,2019-12-25,d877722ca4e40f98,0ce0b6eeec2d8629,38500.0,0.8554331786783759,1.0,0.5661919551783685
,2021-08-25,d877722ca4e40f98,480b91025f5be8d0,4648.8,0.8553211886093762,1.0,0.5659452763010313
,2021-08-25,d877722ca4e40f98,480b91025f5be8d0,4648.8,0.8553211886093762,1.0,0.5659452763010313
,2021-08-25,d877722ca4e40f98,480b91025f5be8d0,4648.8,0.8553211886093762,1.0,0.5659452763010313
,2021-08-25,d877722ca4e40f98,480b91025f5be8d0,4648.8,0.8553211886093762,1.0,0.5659452763010313
,2020-12-28,d877722ca4e40f98,032f0b4d2498f263,35519.0,0.8552633574541404,1.0,0.5658178924662316
,2020-03-20,d877722ca4e40f98,225acb9ed4f34af6,4761.34,0.8552078382634052,1.0,0.5656956011616224
,2019-07-02,d877722ca4e40f98,0ce0b6eeec2d8629,38500.0,0.855007748851895,1.0,0.5652548671586942
,2020-05-20,d877722ca4e40f98,225acb9ed4f34af6,8235.65,0.8549307800778845,1.0,0.5650853291725805
,2023-09-07,d877722ca4e40f98,74b54be399407640,157929.64,0.8549002439341099,1.0,0.5650180676579497
,2020-03-27,d877722ca4e40f98,225acb9ed4f34af6,1905.33,0.8541758064718943,1.0,0.5634223599181769
,2020-04-30,d877722ca4e40f98,225acb9ed4f34af6,9999.01,0.8541011463053625,1.0,0.5632579070677911
,2020-07-24,d877722ca4e40f98,225acb9ed4f34af6,7354.06,0.8539480398560121,1.0,0.5629206617443779
,2020-02-27,d877722ca4e40f98,683c3112f4fb5700,44115.0,0.8537096139798093,1.0,0.5623954845746947
,2019-02-13,d877722ca4e40f98,0ce0b6eeec2d8629,38500.0,0.8536794819740222,1.0,0.5623291132488634
,2021-06-21,d877722ca4e40f98,532f3d84ba4caf61,200000.0,0.8535406053756657,1.0,0.5620232118088784
,2021-07-12,d877722ca4e40f98,85ee5df9d37a27a6,296682.0,0.853477946425441,1.0,0.561885193861085
,2021-07-12,d877722ca4e40f98,85ee5df9d37a27a6,272215.0,0.853477946425441,1.0,0.561885193861085
,2020-08-05,d877722ca4e40f98,ed18d013d231f2d0,5500.0,0.8534244121344501,1.0,0.56176727466594
,2022-02-03,d877722ca4e40f98,7ad54077510c09e4,526.29,0.8534243785202044,1.0,0.5617672006243353
,2020-03-20,d877722ca4e40f98,683c3112f4fb5700,8080.0,0.8533320554271091,1.0,0.5615638419054734
,2019-05-06,d877722ca4e40f98,ca3891c167141f4d,82.76,0.8531539696333852,1.0,0.5611715749477157
,2020-07-20,d877722ca4e40f98,225acb9ed4f34af6,9565.26,0.8531231146039786,1.0,0.561103611028395
,2022-01-18,d877722ca4e40f98,480b91025f5be8d0,4648.8,0.8530940898550747,1.0,0.5610396786410095
,2022-01-18,d877722ca4e40f98,480b91025f5be8d0,4648.8,0.8530940898550747,1.0,0.5610396786410095
,2022-01-18,d877722ca4e40f98,480b91025f5be8d0,4648.8,0.8530940898550747,1.0,0.5610396786410095
,2022-01-18,d877722ca4e40f98,480b91025f5be8d0,4648.8,0.8530940898550747,1.0,0.5610396786410095
,2022-01-18,d877722ca4e40f98,480b91025f5be8d0,4648.8,0.8530940898550747,1.0,0.5610396786410095
,2019-03-05,d877722ca4e40f98,ca3891c167141f4d,82.76,0.8529013325519111,1.0,0.5606150949652632
,2019-12-10,d877722ca4e40f98,a982dff7a672f998,1000.0,0.8524732637370114,1.0,0.5596721940846243
,2021-02-19,d877722ca4e40f98,a2495f5178d5a17d,29250.0,0.8523256023650871,1.0,0.5593469425531475
,2021-03-22,d877722ca4e40f98,683c3112f4fb5700,7359.0,0.8517076309287521,1.0,0.5579857459622058
,2020-08-05,d877722ca4e40f98,ed18d013d231f2d0,1500.0,0.8515408546021446,1.0,0.5576183902012756
,2022-03-18,d877722ca4e40f98,41face6c4b94dd88,295680.0,0.8509589720379586,1.0,0.556336686038061
,2022-01-11,d877722ca4e40f98,a982dff7a672f998,1000.0,0.8504488200729189,1.0,0.5552129818102531
,2021-07-12,d877722ca4e40f98,85ee5df9d37a27a6,150487.0,0.8504437081042312,1.0,0.5552017217520344
,2019-04-10,d877722ca4e40f98,a982dff7a672f998,2000.0,0.8503700795170512,1.0,0.5550395411463098
,2021-11-11,d877722ca4e40f98,cf603eadad6f36c6,5438.5,0.850300112271098,1.0,0.5548854253230384
,2021-09-03,d877722ca4e40f98,ed18d013d231f2d0,4000.0,0.8501938168104949,1.0,0.5546512898758345
,2020-05-27,d877722ca4e40f98,ed18d013d231f2d0,1500.0,0.8501169132561881,1.0,0.5544818955482026
,2022-02-09,d877722ca4e40f98,a982dff7a672f998,1000.0,0.8499140307105998,1.0,0.5540350091499342
,2021-03-18,d877722ca4e40f98,a2495f5178d5a17d,20800.0,0.8497565400924878,1.0,0.5536881068824918
,2021-02-19,d877722ca4e40f98,cf603eadad6f36c6,5438.5,0.8496676831703676,1.0,0.5534923830474404
,2022-04-22,d877722ca4e40f98,ac31ae518119510a,3000.0,0.8494504292796022,1.0,0.5530138410985889
,2020-12-21,d877722ca4e40f98,85ee5df9d37a27a6,23642.0,0.849327344921151,1.0,0.5527427249931008
,2019-06-18,d877722ca4e40f98,85ee5df9d37a27a6,150000.0,0.8483654610800921,1.0,0.5506239976080678
,2021-07-09,d877722ca4e40f98,41face6c4b94dd88,316800.0,0.8481642922769245,1.0,0.5501808860450162
,2019-12-26,d877722ca4e40f98,2da52242895cf5c0,50803.43,0.8470643736220433,1.0,0.5477581114064072
,2020-05-12,d877722ca4e40f98,85ee5df9d37a27a6,9954.0,0.8470622013211718,1.0,0.5477533265112374
,2021-08-19,d877722ca4e40f98,41face6c4b94dd88,327360.0,0.8466085768223718,1.0,0.5467541345016582
,2022-08-04,d877722ca4e40f98,ca3891c167141f4d,760.11,0.8465925576901948,1.0,0.5467188493948927
,2020-12-21,d877722ca4e40f98,85ee5df9d37a27a6,76358.0,0.8465279003957547,1.0,0.5465764297236966
,2020-09-28,d877722ca4e40f98,85ee5df9d37a27a6,50000.0,0.8463471611493609,1.0,0.546178318044782
,2021-07-08,d877722ca4e40f98,6931e23e98703aa9,26297591.0,0.8462491276982709,1.0,0.545962381204378
,2019-07-05,d877722ca4e40f98,ca3891c167141f4d,82.76,0.846205464687806,1.0,0.5458662053336171
,2020-11-05,d877722ca4e40f98,a4bb2adbd377d7b6,602.07,0.8460645022151163,1.0,0.5455557093689267
,2022-04-05,d877722ca4e40f98,cf603eadad6f36c6,5438.5,0.8459546051053198,1.0,0.5453136406220337
,2021-02-08,d877722ca4e40f98,a2495f5178d5a17d,16900.0,0.8458268231542003,1.0,0.5450321771982881
,2021-12-14,d877722ca4e40f98,41face6c4b94dd88,316800.0,0.8456956530356532,1.0,0.5447432507079983
,2020-06-19,d877722ca4e40f98,cf603eadad6f36c6,5445.28,0.845528211597334,1.0,0.5443744299152864
,2019-04-23,d877722ca4e40f98,85ee5df9d37a27a6,280000.0,0.84531742982246,1.0,0.5439101440008879
,2021-05-31,d877722ca4e40f98,032f0b4d2498f263,72054.79,0.8452087444053329,1.0,0.5436707442316105
,2020-12-14,d877722ca4e40f98,41face6c4b94dd88,316800.0,0.8451761860819904,1.0,0.5435990284917965
,2021-11-19,d877722ca4e40f98,7ad54077510c09e4,46500.78,0.8450655855087514,1.0,0.5433554102363286
,2020-10-20,d877722ca4e40f98,cf603eadad6f36c6,5445.28,0.8450361575504405,1.0,0.5432905897055144
,2020-02-05,d877722ca4e40f98,2da52242895cf5c0,85771.0,0.845015355421401,1.0,0.5432447691619292
,2020-11-24,d877722ca4e40f98,cf603eadad6f36c6,5445.28,0.8449810648566349,1.0,0.5431692378394174
,2021-10-20,d877722ca4e40f98,ac31ae518119510a,3000.0,0.8449723052269018,1.0,0.5431499431318797
,2019-12-11,8d9e0be733f77f1c,d877722ca4e40f98,5000.0,0.8449242139130848,1.0,0.5430440131024761
,2020-09-08,d877722ca4e40f98,85ee5df9d37a27a6,50000.0,0.844883935656082,1.0,0.5429552927783677
,2021-09-20,d877722ca4e40f98,41face6c4b94dd88,327360.0,0.8443244394444339,1.0,0.5417228987045306
,2021-10-20,d877722ca4e40f98,41face6c4b94dd88,316800.0,0.8443153940262866,1.0,0.5417029744950578
,2022-03-16,d877722ca4e40f98,a4bb2adbd377d7b6,602.07,0.8441772511360001,1.0,0.5413986891830439
,2021-03-31,d877722ca4e40f98,e836147459925aef,14000.0,0.8441203217714758,1.0,0.5412732917093765
,2021-06-10,d877722ca4e40f98,032f0b4d2498f263,500000.0,0.8439522395413567,1.0,0.5409030594539946
,2021-05-05,d877722ca4e40f98,ca3891c167141f4d,697.17,0.8436705956988264,1.0,0.540282686705724
,2022-02-04,d877722ca4e40f98,7ad54077510c09e4,0.3,0.8435908150508247,1.0,0.5401069550461394
,2021-03-04,d877722ca4e40f98,a2495f5178d5a17d,6500.0,0.8435427632538267,1.0,0.5400011120598514
,2021-03-31,d877722ca4e40f98,a2495f5178d5a17d,4550.0,0.8432882235603032,1.0,0.5394404412218295
,2022-08-08,d877722ca4e40f98,41face6c4b94dd88,316800.0,0.8430103101438378,1.0,0.5388282854281684
,2021-02-19,d877722ca4e40f98,ac31ae518119510a,3000.0,0.84299138908753,1.0,0.5387866082958142
,2021-04-30,d877722ca4e40f98,032f0b4d2498f263,82192.0,0.8426168389712991,1.0,0.537961592265342
,2021-04-20,d877722ca4e40f98,ac31ae518119510a,3000.0,0.842316903317279,1.0,0.5373009284130202
,2021-06-17,d877722ca4e40f98,032f0b4d2498f263,32465.75,0.8421878878897519,1.0,0.5370167480289392
,2021-05-18,d877722ca4e40f98,41face6c4b94dd88,316800.0,0.8418940738548034,1.0,0.5363695681768824
,2020-05-12,d877722ca4e40f98,85ee5df9d37a27a6,90046.0,0.841843444015926,1.0,0.536258046575676
,2021-08-02,d877722ca4e40f98,ac31ae518119510a,3000.0,0.8417582775582947,1.0,0.5360704516724586
,2021-04-21,d877722ca4e40f98,ac31ae518119510a,3000.0,0.8416435774714438,1.0,0.5358178034786718
,2021-04-14,d877722ca4e40f98,41face6c4b94dd88,327360.0,0.841460554523446,1.0,0.5354146615238328
,2021-08-02,d877722ca4e40f98,ac31ae518119510a,3000.0,0.8414545476426365,1.0,0.5354014302558495
,2021-03-18,d877722ca4e40f98,cf603eadad6f36c6,5438.5,0.8413920663298667,1.0,0.535263803587465
,2019-12-26,d877722ca4e40f98,2da52242895cf5c0,904300.96,0.8413618280313001,1.0,0.5351971981320917
,2021-10-20,d877722ca4e40f98,a4bb2adbd377d7b6,602.07,0.8411872761174924,1.0,0.5348127151996336
,2022-04-21,d877722ca4e40f98,41face6c4b94dd88,327360.0,0.8408199431657336,1.0,0.534003596311162
,2021-01-27,d877722ca4e40f98,a2495f5178d5a17d,2600.0,0.8408118921566811,1.0,0.5339858624719721
,2021-11-26,d877722ca4e40f98,d8104c0f1919d0ef,146078.0,0.840460513838683,1.0,0.5332118866205534
,2020-11-24,d877722ca4e40f98,ac31ae518119510a,3000.0,0.8403762628503175,1.0,0.533026308208019
,2020-05-20,d877722ca4e40f98,ac31ae518119510a,3000.0,0.8402992585265803,1.0,0.5328566919170454
,2020-11-16,d877722ca4e40f98,41face6c4b94dd88,327360.0,0.8397637468709434,1.0,0.5316771282718621
,2021-11-11,d877722ca4e40f98,a4bb2adbd377d7b6,602.07,0.8393703399338819,1.0,0.5308105765995764
,2021-06-16,d877722ca4e40f98,cf603eadad6f36c6,16315.5,0.8393128181902161,1.0,0.5306838743010897
,2021-09-20,d877722ca4e40f98,cf603eadad6f36c6,5438.5,0.8392428060337934,1.0,0.5305296595541876
,2020-10-20,d877722ca4e40f98,ac31ae518119510a,3000.0,0.8392344293809638,1.0,0.530511208424241
,2021-01-21,d877722ca4e40f98,ac31ae518119510a,3000.0,0.8391424455342471,1.0,0.530308596958386
,2020-06-05,d877722ca4e40f98,ca3891c167141f4d,405.27,0.8390920671124448,1.0,0.5301976291498719
,2020-07-22,d877722ca4e40f98,ac31ae518119510a,3000.0,0.8390573329472989,1.0,0.5301211207153296
,2022-08-11,d877722ca4e40f98,cf603eadad6f36c6,5438.5,0.8386337203964301,1.0,0.5291880355819095
,2020-06-23,d877722ca4e40f98,cf603eadad6f36c6,10890.56,0.8385554038047967,1.0,0.5290155287777472
,2020-11-05,d877722ca4e40f98,ca3891c167141f4d,399.36,0.8383788062460857,1.0,0.5286265399333573
,2019-11-06,d877722ca4e40f98,ca3891c167141f4d,50.37,0.8382116529601001,1.0,0.5282583538495511
,2021-09-20,d877722ca4e40f98,ac31ae518119510a,3000.0,0.8381897156848148,1.0,0.5282100329360312
,2021-07-08,d877722ca4e40f98,6931e23e98703aa9,9892831.0,0.8381076217397526,1.0,0.5280292058110457
,2020-12-14,d877722ca4e40f98,cf603eadad6f36c6,5445.28,0.8381069222651797,1.0,0.5280276650886949
,2021-10-27,d877722ca4e40f98,ac31ae518119510a,3000.0,0.8380003618128997,1.0,0.5277929459482229
,2020-04-15,d877722ca4e40f98,cf603eadad6f36c6,5445.28,0.8379352662352941,1.0,0.5276495608771467
,2021-08-19,d877722ca4e40f98,cf603eadad6f36c6,5438.5,0.8379352662352941,1.0,0.5276495608771467
,2020-12-14,d877722ca4e40f98,ac31ae518119510a,3000.0,0.8378403393347172,1.0,0.5274404667898532
,2021-08-19,d877722ca4e40f98,cf603eadad6f36c6,5438.5,0.8376720588589202,1.0,0.527069797861633
,2019-10-31,d877722ca4e40f98,9d8f54ae3b88911b,300000.0,0.8375774631882048,1.0,0.5268614333694822
,2020-07-31,d877722ca4e40f98,cf603eadad6f36c6,5445.28,0.8374089405087414,1.0,0.5264902309428097
,2021-04-14,d877722ca4e40f98,cf603eadad6f36c6,5438.5,0.8369257482690234,1.0,0.5254259105053243
,2019-12-05,d877722ca4e40f98,ca3891c167141f4d,82.76,0.836624336739485,1.0,0.524761995763712
,2020-08-24,d877722ca4e40f98,cf603eadad6f36c6,5445.28,0.8366221562804632,1.0,0.5247571928987046
,2019-06-05,d877722ca4e40f98,ca3891c167141f4d,82.76,0.8363615727665853,1.0,0.5241832094265074
,2021-03-18,d877722ca4e40f98,ac31ae518119510a,3000.0,0.8363126278436593,1.0,0.5240753991648783
,2021-07-07,d877722ca4e40f98,ca3891c167141f4d,851.8,0.8359624397709009,1.0,0.5233040450491376
,2019-02-21,8d9e0be733f77f1c,d877722ca4e40f98,105000.0,0.8359598721030703,1.0,0.5232983892849838
,2021-02-10,d877722ca4e40f98,41face6c4b94dd88,327360.0,0.8357238847841126,1.0,0.5227785834894674
,2019-12-26,d877722ca4e40f98,2da52242895cf5c0,508034.25,0.835551153163028,1.0,0.5223981100890093
,2020-06-25,d877722ca4e40f98,ac31ae518119510a,3000.0,0.8354004671995447,1.0,0.5220661963342046
,2022-03-18,d877722ca4e40f98,ac31ae518119510a,3000.0,0.8353248657895967,1.0,0.5218996702207939
,2022-08-02,d877722ca4e40f98,ca3891c167141f4d,760.11,0.8351755281815777,1.0,0.5215707264687324
,2020-07-03,d877722ca4e40f98,ca3891c167141f4d,462.06,0.835135032566658,1.0,0.5214815273735385
,2021-05-05,d877722ca4e40f98,035fab081fc0922f,2499.98,0.8350896044727255,1.0,0.5213814635793919
,2021-03-05,d877722ca4e40f98,ca3891c167141f4d,531.02,0.8350620915061686,1.0,0.5213208611727402
,2021-09-03,d877722ca4e40f98,ca3891c167141f4d,862.65,0.8349522513623583,1.0,0.5210789179039869
,2020-04-15,d877722ca4e40f98,ac31ae518119510a,3000.0,0.8347968092538451,1.0,0.520736527858499
,2020-12-30,d877722ca4e40f98,ca3891c167141f4d,531.02,0.8344290005770345,1.0,0.5199263610974549
,2021-12-30,d877722ca4e40f98,41face6c4b94dd88,327360.0,0.8344151977068774,1.0,0.5198959577184338
,2022-03-16,d877722ca4e40f98,ca3891c167141f4d,275.89,0.834102771992904,1.0,0.519207782194812
,2021-12-30,d877722ca4e40f98,ca3891c167141f4d,275.89,0.8340576302543976,1.0,0.5191083491515497
,2021-06-17,d877722ca4e40f98,7b6d655993f0d2ed,2960.0,0.8340202222243116,1.0,0.5190259510340431
,2020-05-20,d877722ca4e40f98,035fab081fc0922f,1764.35,0.8339524532403156,1.0,0.5188766772900428
,2020-03-19,d877722ca4e40f98,ac31ae518119510a,3000.0,0.8338851700662928,1.0,0.5187284736325232
,2021-07-16,d877722ca4e40f98,d165cf0df41bf2b8,4000.0,0.8335834206449845,1.0,0.5180638146216804
,2020-09-21,d877722ca4e40f98,ac31ae518119510a,3000.0,0.8335207231564508,1.0,0.5179257117861208
,2020-08-05,d877722ca4e40f98,ca3891c167141f4d,482.79,0.8334124685613623,1.0,0.5176872609822097
,2022-08-02,d877722ca4e40f98,1b21a7645f64d170,4869203.94,0.8333997743339508,1.0,0.5176592995942535
,2021-02-05,d877722ca4e40f98,ca3891c167141f4d,531.02,0.8333172775059092,1.0,0.5174775850448567
,2019-12-26,d877722ca4e40f98,2da52242895cf5c0,304820.55,0.8332599309362547,1.0,0.5173512685995872
,2019-12-26,d877722ca4e40f98,2da52242895cf5c0,274338.49,0.8332599309362547,1.0,0.5173512685995872
,2021-06-15,d877722ca4e40f98,032f0b4d2498f263,500000.0,0.8330237325013848,1.0,0.516830997782157
,2019-12-26,d877722ca4e40f98,2da52242895cf5c0,203213.7,0.832998304926324,1.0,0.5167749888366723
,2020-03-10,d877722ca4e40f98,ac31ae518119510a,2516.13,0.8329279159685734,1.0,0.5166199441150293
,2022-05-05,d877722ca4e40f98,ed18d013d231f2d0,3750.0,0.8327874372539983,1.0,0.5163105137172205
,2021-07-08,d877722ca4e40f98,6931e23e98703aa9,8843574.0,0.8325513940625067,1.0,0.5157905848520954
,2021-11-26,d877722ca4e40f98,ac31ae518119510a,3000.0,0.8323679642451972,1.0,0.51538654669221
,2021-03-12,d877722ca4e40f98,41face6c4b94dd88,295680.0,0.8323426468113388,1.0,0.5153307803531314
,2020-09-04,d877722ca4e40f98,ca3891c167141f4d,442.12,0.8320865783653937,1.0,0.5147667421546421
,2020-05-20,d877722ca4e40f98,6290b8d67943ece5,1764.35,0.8318903938062279,1.0,0.514334609312523
,2021-06-30,d877722ca4e40f98,a4bb2adbd377d7b6,602.07,0.8318513828237806,1.0,0.5142486803954336
,2021-05-11,d877722ca4e40f98,a4bb2adbd377d7b6,602.07,0.831789972193748,1.0,0.5141134121041614
,2021-02-03,d877722ca4e40f98,ed18d013d231f2d0,1800.0,0.8317576486709893,1.0,0.5140422135561393
,2020-08-24,d877722ca4e40f98,ac31ae518119510a,3000.0,0.8316059763349624,1.0,0.5137081271330444
,2022-08-19,d877722ca4e40f98,ac31ae518119510a,3000.0,0.8315185823161909,1.0,0.5135156256136767
,2020-07-08,d877722ca4e40f98,41face6c4b94dd88,316800.0,0.8314286245823032,1.0,0.5133174770367406
,2022-05-20,d877722ca4e40f98,ac31ae518119510a,3000.0,0.8313646225787845,1.0,0.5131765007652163
,2021-01-13,d877722ca4e40f98,41face6c4b94dd88,327360.0,0.8313599396011444,1.0,0.5131661856392666
,2022-03-18,d877722ca4e40f98,a4bb2adbd377d7b6,602.07,0.831148670806853,1.0,0.5127008269743621
,2021-12-14,d877722ca4e40f98,ac31ae518119510a,3000.0,0.8310373102222928,1.0,0.5124555346531383
,2022-04-22,d877722ca4e40f98,a4bb2adbd377d7b6,1200.0,0.830903871163657,1.0,0.512161610401897
,2021-09-27,d877722ca4e40f98,683c3112f4fb5700,690.0,0.8308280674766455,1.0,0.5119946387357747
,2019-12-26,d877722ca4e40f98,2da52242895cf5c0,101606.84,0.8305488983373042,1.0,0.5113797169798093
,2021-06-10,d877722ca4e40f98,41face6c4b94dd88,327360.0,0.8304359559536645,1.0,0.5111309404530254
,2020-11-24,d877722ca4e40f98,a4bb2adbd377d7b6,602.07,0.8301616972543107,1.0,0.5105268348509757
,2019-12-26,d877722ca4e40f98,9d8f54ae3b88911b,1165000.0,0.8301258187478071,1.0,0.5104478057925611
,2022-02-18,d877722ca4e40f98,ac31ae518119510a,3000.0,0.8299536839611956,1.0,0.5100686470306165
,2020-07-08,d877722ca4e40f98,ed18d013d231f2d0,2250.0,0.829562445379754,1.0,0.509206871563353
,2020-06-05,d877722ca4e40f98,035fab081fc0922f,5882.12,0.8293049576770238,1.0,0.5086397071888239
,2021-08-19,d877722ca4e40f98,ed18d013d231f2d0,13500.0,0.8292450484708527,1.0,0.508507746061802
,2021-11-03,d877722ca4e40f98,ca3891c167141f4d,888.06,0.8289797862783701,1.0,0.5079234569330773
,2021-07-08,d877722ca4e40f98,6931e23e98703aa9,6292056.0,0.8288633720450113,1.0,0.5076670330139963
,2020-11-10,d877722ca4e40f98,ca3891c167141f4d,68.97,0.8287020170943726,1.0,0.5073116188381512
,2021-11-30,d877722ca4e40f98,a4bb2adbd377d7b6,602.07,0.8286607071061456,1.0,0.5072206259348545
,2022-04-05,d877722ca4e40f98,a4bb2adbd377d7b6,602.07,0.8286366885146124,1.0,0.5071677205366567
,2020-12-04,d877722ca4e40f98,ca3891c167141f4d,531.02,0.8283406864517685,1.0,0.5065157211477459
,2020-07-08,d877722ca4e40f98,ed18d013d231f2d0,2250.0,0.8282209149105286,1.0,0.5062519021359896
,2020-05-27,d877722ca4e40f98,ed18d013d231f2d0,4500.0,0.8281792146595542,1.0,0.5061600496066812
,2021-10-05,d877722ca4e40f98,ca3891c167141f4d,891.71,0.8278575531188609,1.0,0.5054515304634253
,2020-03-27,d877722ca4e40f98,ca3891c167141f4d,128.73,0.8277240784451383,1.0,0.5051575277633558
,2021-08-19,d877722ca4e40f98,a4bb2adbd377d7b6,602.07,0.8277190370648766,1.0,0.5051464231892243
,2020-09-08,d877722ca4e40f98,41face6c4b94dd88,327360.0,0.8275726116048514,1.0,0.5048238939827039
,2020-09-23,d877722ca4e40f98,a4bb2adbd377d7b6,602.07,0.8275418444566822,1.0,0.5047561236380919
,2020-02-05,d877722ca4e40f98,ca3891c167141f4d,82.76,0.8272095686544472,1.0,0.5040242246170996
,2021-01-18,d877722ca4e40f98,ed18d013d231f2d0,13500.0,0.8271478118065275,1.0,0.5038881937167815
,2021-09-14,d877722ca4e40f98,a4bb2adbd377d7b6,602.07,0.8271090581041518,1.0,0.5038028315067204
,2021-03-18,d877722ca4e40f98,a4bb2adbd377d7b6,602.07,0.8270542551963767,1.0,0.503682117948049
,2020-11-05,d877722ca4e40f98,035fab081fc0922f,2272.98,0.8269191575933735,1.0,0.5033845404455309
,2021-06-04,d877722ca4e40f98,ca3891c167141f4d,670.16,0.82685738028128,1.0,0.503248464469078
,2021-04-05,d877722ca4e40f98,ca3891c167141f4d,681.49,0.82685738028128,1.0,0.503248464469078
,2019-04-05,d877722ca4e40f98,ca3891c167141f4d,82.76,0.8267984116145607,1.0,0.5031185750544689
,2020-08-31,d877722ca4e40f98,a4bb2adbd377d7b6,602.07,0.8267724214669455,1.0,0.5030613269386958
,2021-07-07,d877722ca4e40f98,035fab081fc0922f,2619.31,0.8265515408264593,1.0,0.5025747964015923
,2020-03-05,d877722ca4e40f98,ca3891c167141f4d,140.83,0.8264928652388347,1.0,0.5024455525479928
,2020-10-13,d877722ca4e40f98,41face6c4b94dd88,316800.0,0.8264764067830203,1.0,0.5024092997495148
,2022-04-05,d877722ca4e40f98,ca3891c167141f4d,275.89,0.8264543885631355,1.0,0.5023608005405165
,2022-08-26,d877722ca4e40f98,a4bb2adbd377d7b6,602.07,0.8264536987319231,1.0,0.502359281059454
,2020-04-24,d877722ca4e40f98,a4bb2adbd377d7b6,602.07,0.8264330889074797,1.0,0.5023138841023737
,2021-12-10,d877722ca4e40f98,a4bb2adbd377d7b6,602.07,0.8264034699158305,1.0,0.5022486427852357
,2021-02-26,d877722ca4e40f98,032f0b4d2498f263,76712.0,0.8262645236657199,1.0,0.501942587924357
,2020-08-10,d877722ca4e40f98,41face6c4b94dd88,327360.0,0.8262500627909044,1.0,0.5019107351681557
,2020-06-01,d877722ca4e40f98,41face6c4b94dd88,327360.0,0.8261652715495175,1.0,0.5017239667482395
,2020-07-31,d877722ca4e40f98,a4bb2adbd377d7b6,602.07,0.8260770615669256,1.0,0.5015296679173695
,2021-01-27,d877722ca4e40f98,a4bb2adbd377d7b6,602.07,0.8260770615669256,1.0,0.5015296679173695
,2020-04-15,d877722ca4e40f98,a4bb2adbd377d7b6,602.07,0.8258401440027651,1.0,0.5010078130844307
,2020-02-20,d877722ca4e40f98,a4bb2adbd377d7b6,602.07,0.8258065324353862,1.0,0.5009337773794735
,2020-12-14,d877722ca4e40f98,a4bb2adbd377d7b6,602.07,0.8258010504594224,1.0,0.5009217023116715
,2021-03-02,d877722ca4e40f98,a4bb2adbd377d7b6,602.07,0.8257595869059347,1.0,0.5008303711524346
,2021-08-05,d877722ca4e40f98,ca3891c167141f4d,667.58,0.8257511286878269,1.0,0.5008117403598495
,2022-02-04,d877722ca4e40f98,ca3891c167141f4d,275.89,0.8255856653964835,1.0,0.500447276802378
,2019-08-05,d877722ca4e40f98,ca3891c167141f4d,82.76,0.825568682450189,1.0,0.5004098687164356
,2020-04-30,d877722ca4e40f98,ca3891c167141f4d,220.69,0.825402615018221,1.0,0.5000440744272984
,2022-04-22,d877722ca4e40f98,a4bb2adbd377d7b6,602.07,0.8253106736119779,1.0,0.4998415564444499
,2020-06-23,d877722ca4e40f98,a4bb2adbd377d7b6,602.07,0.825241496291197,1.0,0.49968918057773387
,2021-12-03,d877722ca4e40f98,ca3891c167141f4d,275.89,0.8251973474982616,1.0,0.49959193468107205
,2021-09-03,d877722ca4e40f98,035fab081fc0922f,2727.21,0.8251712677158755,1.0,0.4995344891281075
,2020-05-27,d877722ca4e40f98,a4bb2adbd377d7b6,602.07,0.8249339490677334,1.0,0.4990117508333837
,2022-05-05,d877722ca4e40f98,ca3891c167141f4d,457.94,0.8248310869105536,1.0,0.49878517787311794
,2019-09-05,d877722ca4e40f98,ca3891c167141f4d,269.75,0.8247918715950553,1.0,0.4986987988746233
,2020-08-05,d877722ca4e40f98,035fab081fc0922f,5216.82,0.8247214633386688,1.0,0.4985437116441588
,2020-10-05,d877722ca4e40f98,ca3891c167141f4d,378.05,0.8244874153541297,1.0,0.4980281775920337
,2021-11-26,d877722ca4e40f98,41face6c4b94dd88,187360.0,0.8243028612711112,1.0,0.4976216630286111
,2019-12-11,8d9e0be733f77f1c,d877722ca4e40f98,20000000.0,0.8240934242699008,1.0,0.49716033922737657
,2021-01-29,d877722ca4e40f98,032f0b4d2498f263,84935.0,0.8239497694680682,1.0,0.4968439129088939
,2021-10-22,d877722ca4e40f98,035fab081fc0922f,11828.69,0.8235498516048574,1.0,0.4959630197153708
,2021-11-16,d877722ca4e40f98,41face6c4b94dd88,140000.0,0.8225871388386519,1.0,0.49384246646911306
,2021-05-05,d877722ca4e40f98,6290b8d67943ece5,4999.96,0.8224904651746779,1.0,0.4936295248117839
,2020-12-30,d877722ca4e40f98,035fab081fc0922f,2608.91,0.8222164967529046,1.0,0.4930260585998905
,2021-03-05,d877722ca4e40f98,035fab081fc0922f,2105.27,0.8220120834242347,1.0,0.49257580036825
,2021-02-05,d877722ca4e40f98,035fab081fc0922f,3333.31,0.8218842137828734,1.0,0.492294143790499
,2021-03-31,d877722ca4e40f98,032f0b4d2498f263,84935.0,0.8208087088956605,1.0,0.48992514499874645
,2021-10-20,d877722ca4e40f98,035fab081fc0922f,2618.82,0.8206547324956044,1.0,0.48958598344771304
,2020-07-03,d877722ca4e40f98,035fab081fc0922f,5237.63,0.8206062927430764,1.0,0.4894792859174869
,2020-06-05,d877722ca4e40f98,6290b8d67943ece5,5882.12,0.8205623770399378,1.0,0.4893825534442914
,2020-09-04,d877722ca4e40f98,035fab081fc0922f,5238.63,0.8201477954614494,1.0,0.4884693607008656
,2019-12-26,d877722ca4e40f98,9d8f54ae3b88911b,835000.0,0.8197196791033338,1.0,0.48752635509748454
,2021-07-20,d877722ca4e40f98,035fab081fc0922f,2499.98,0.8193969572992142,1.0,0.4868155005275787
,2021-10-22,d877722ca4e40f98,6290b8d67943ece5,16860.64,0.8193325133623086,1.0,0.48667355081588487
,2020-11-05,d877722ca4e40f98,6290b8d67943ece5,4999.97,0.8191500841955359,1.0,0.4862717167742145
,2024-02-16,d877722ca4e40f98,eed8b1f54ed4366c,143502.07,0.818728476051029,1.0,0.4853430467171977
,2021-07-08,d877722ca4e40f98,6931e23e98703aa9,3060000.0,0.8182558068041507,1.0,0.48430190512122095
,2021-07-07,d877722ca4e40f98,6290b8d67943ece5,5238.63,0.8172346433209441,1.0,0.48205260334057837
,2019-12-26,d877722ca4e40f98,9d8f54ae3b88911b,500000.0,0.8164671470126923,1.0,0.4803620505141427
,2020-08-05,d877722ca4e40f98,6290b8d67943ece5,5216.82,0.8160738778683551,1.0,0.47949580235586353
,2019-07-17,8d9e0be733f77f1c,d877722ca4e40f98,20000.0,0.8153799123322566,1.0,0.4779672146794326
,2021-04-05,d877722ca4e40f98,035fab081fc0922f,2727.21,0.8150228957975937,1.0,0.47718081961111813
,2020-06-19,d877722ca4e40f98,035fab081fc0922f,4762.3,0.814561510263698,1.0,0.47616453248371765
,2021-06-04,d877722ca4e40f98,035fab081fc0922f,2894.68,0.8144591158076419,1.0,0.4759389897218359
,2021-07-08,d877722ca4e40f98,6931e23e98703aa9,2290133.0,0.8143180835303367,1.0,0.4756283399995461
,2021-07-08,d877722ca4e40f98,6931e23e98703aa9,2239327.0,0.8143180835303367,1.0,0.4756283399995461
,2020-07-03,d877722ca4e40f98,6290b8d67943ece5,5237.63,0.8142494856023973,1.0,0.47547724035291744
,2021-04-20,d877722ca4e40f98,035fab081fc0922f,2499.98,0.8140674665126448,1.0,0.47507630958186653
,2021-09-03,d877722ca4e40f98,6290b8d67943ece5,6838.8,0.814034399750753,1.0,0.4750034739119404
,2021-09-03,d877722ca4e40f98,6290b8d67943ece5,5454.42,0.8140169673452459,1.0,0.4749650758088034
,2021-10-05,d877722ca4e40f98,035fab081fc0922f,2499.98,0.8136101718933809,1.0,0.47406903345193774
,2021-03-05,d877722ca4e40f98,6290b8d67943ece5,4210.55,0.8135664879244053,1.0,0.4739728114161736
,2020-12-30,d877722ca4e40f98,6290b8d67943ece5,5216.82,0.8135514302884969,1.0,0.4739396441830927
,2021-02-19,d877722ca4e40f98,035fab081fc0922f,2894.69,0.8134579600264729,1.0,0.47373375861210915
,2019-07-26,8d9e0be733f77f1c,d877722ca4e40f98,6000.0,0.813371464670174,1.0,0.473543236563348
,2020-08-20,d877722ca4e40f98,035fab081fc0922f,4761.3,0.8130667687140091,1.0,0.47287208726352764
,2020-10-05,d877722ca4e40f98,035fab081fc0922f,4999.96,0.8128530689095746,1.0,0.47240137384834724
,2021-02-05,d877722ca4e40f98,6290b8d67943ece5,6666.62,0.8125639238438661,1.0,0.4717644782661433
,2021-02-19,d877722ca4e40f98,6290b8d67943ece5,5789.38,0.8124588951190272,1.0,0.4715331330391705
,2021-07-08,d877722ca4e40f98,6931e23e98703aa9,1765261.0,0.8118879415582614,1.0,0.47027550203099694
,2021-07-09,d877722ca4e40f98,6931e23e98703aa9,69500000.0,0.8116907922278055,1.0,0.46984124410135136
,2020-12-04,d877722ca4e40f98,035fab081fc0922f,2749.82,0.8116296123252889,1.0,0.4697064840301842
,2020-10-20,d877722ca4e40f98,035fab081fc0922f,4998.97,0.810904635189076,1.0,0.4681095875584375
,2021-10-20,d877722ca4e40f98,6290b8d67943ece5,5237.64,0.8108347218293579,1.0,0.4679555904295835
,2021-01-20,d877722ca4e40f98,035fab081fc0922f,1666.65,0.8104751027877601,1.0,0.46716346285753285
,2020-09-18,d877722ca4e40f98,035fab081fc0922f,4999.97,0.8101294256978927,1.0,0.4664020450174388
,2021-03-19,d877722ca4e40f98,035fab081fc0922f,2272.25,0.8100185974758892,1.0,0.46615792532338646
,2021-09-20,d877722ca4e40f98,035fab081fc0922f,2499.98,0.8097534392919433,1.0,0.46557386529273503
,2021-08-05,d877722ca4e40f98,035fab081fc0922f,2499.98,0.8092987600217423,1.0,0.4645723499537091
,2020-07-20,d877722ca4e40f98,035fab081fc0922f,4783.11,0.8092094418406158,1.0,0.464375610110231
,2021-08-20,d877722ca4e40f98,035fab081fc0922f,2272.25,0.8091318300339089,1.0,0.4642046557254575
,2020-06-19,d877722ca4e40f98,6290b8d67943ece5,4762.3,0.8087392237068551,1.0,0.46333986754505696
,2021-06-18,d877722ca4e40f98,035fab081fc0922f,2380.65,0.8086947446905578,1.0,0.4632418942702542
,2021-05-20,d877722ca4e40f98,035fab081fc0922f,2105.28,0.8078075920152563,1.0,0.4612877761245564
,2021-04-05,d877722ca4e40f98,6290b8d67943ece5,5454.42,0.8075857411357468,1.0,0.46079910845623073
,2020-09-04,d877722ca4e40f98,6290b8d67943ece5,5238.63,0.8074084281764481,1.0,0.46040854380949164
,2020-12-18,d877722ca4e40f98,035fab081fc0922f,2391.05,0.8073346445667681,1.0,0.46024602173798684
,2020-11-20,d877722ca4e40f98,035fab081fc0922f,2250.14,0.8071192918812429,1.0,0.4597716675459463
,2021-07-20,d877722ca4e40f98,6290b8d67943ece5,4999.98,0.8070889557921896,1.0,0.45970484668890665
,2020-12-04,d877722ca4e40f98,6290b8d67943ece5,5499.65,0.8069830364943721,1.0,0.45947153980993644
,2021-06-04,d877722ca4e40f98,6290b8d67943ece5,5789.37,0.8068271715407046,1.0,0.4591282183696482
,2022-02-04,d877722ca4e40f98,1b21a7645f64d170,805.62,0.806684788995919,1.0,0.4588145944330451
,2021-03-19,d877722ca4e40f98,6290b8d67943ece5,4544.51,0.8064326540078188,1.0,0.45825922040428
,2021-07-08,d877722ca4e40f98,6931e23e98703aa9,1277093.0,0.8063896354352065,1.0,0.45816446402729544
,2021-10-05,d877722ca4e40f98,6290b8d67943ece5,1817.79,0.80582848967778,1.0,0.4569284365232407
,2021-04-20,d877722ca4e40f98,6290b8d67943ece5,4999.97,0.8054191800818531,1.0,0.45602685629823936
,2020-10-05,d877722ca4e40f98,6290b8d67943ece5,1817.82,0.805111061042468,1.0,0.45534816702337166
,2020-08-20,d877722ca4e40f98,6290b8d67943ece5,4761.3,0.8049542545207597,1.0,0.4550027716050128
,2021-08-05,d877722ca4e40f98,6290b8d67943ece5,4999.95,0.8049415919104299,1.0,0.4549748798595375
,2021-08-20,d877722ca4e40f98,6290b8d67943ece5,4544.51,0.8045449983518331,1.0,0.4541013090628789
,2021-07-08,d877722ca4e40f98,6931e23e98703aa9,1060020.0,0.8035246634609242,1.0,0.45185383241029964
,2021-07-08,d877722ca4e40f98,6931e23e98703aa9,1089905.0,0.8035246634609242,1.0,0.45185383241029964
,2021-07-08,d877722ca4e40f98,6931e23e98703aa9,1017850.0,0.8032730949872242,1.0,0.4512997062344689
,2020-10-20,d877722ca4e40f98,6290b8d67943ece5,4091.07,0.8031365890000534,1.0,0.4509990265048652
,2022-08-04,d877722ca4e40f98,1b21a7645f64d170,19335.76,0.8029499221435782,1.0,0.4505878581664341
,2022-08-04,d877722ca4e40f98,1b21a7645f64d170,16469.0,0.8026985480680493,1.0,0.4500341601885951
,2019-03-13,8d9e0be733f77f1c,d877722ca4e40f98,140000.0,0.8026251087101909,1.0,0.44987239639551313
,2021-09-20,d877722ca4e40f98,6290b8d67943ece5,1363.36,0.8025991706219908,1.0,0.44981526295024765
,2022-03-16,d877722ca4e40f98,eed8b1f54ed4366c,12307.68,0.8019436453329919,1.0,0.4483713470405526
,2021-06-18,d877722ca4e40f98,6290b8d67943ece5,4761.3,0.8018873278932416,1.0,0.4482472974445821
,2020-01-27,d877722ca4e40f98,eed8b1f54ed4366c,362.88,0.8016607699062742,1.0,0.4477482614999121
,2022-08-04,d877722ca4e40f98,1b21a7645f64d170,1611.24,0.8014751115453043,1.0,0.44733931455969256
,2021-05-05,8d9e0be733f77f1c,d877722ca4e40f98,5000.0,0.8014668584099661,1.0,0.4473211354999071
,2021-01-20,d877722ca4e40f98,6290b8d67943ece5,3333.31,0.8014374173984848,1.0,0.44725628621706676
,2020-07-20,d877722ca4e40f98,6290b8d67943ece5,4783.11,0.8013552869163508,1.0,0.44707537861241065
,2021-07-08,d877722ca4e40f98,6931e23e98703aa9,655135.0,0.801236351271479,1.0,0.4468134008172862
,2022-08-04,d877722ca4e40f98,1b21a7645f64d170,6389.83,0.8012242363037286,1.0,0.44678671535606346
,2022-01-11,d877722ca4e40f98,eed8b1f54ed4366c,30189.0,0.8010911292304584,1.0,0.4464935223641024
,2021-07-08,d877722ca4e40f98,6931e23e98703aa9,767532.0,0.8009855567872097,1.0,0.4462609794965874
,2019-06-11,8d9e0be733f77f1c,d877722ca4e40f98,100000.0,0.8009370693759387,1.0,0.44615417698914955
,2021-05-20,d877722ca4e40f98,6290b8d67943ece5,4210.56,0.800368684949281,1.0,0.4449022049748777
,2020-12-18,d877722ca4e40f98,6290b8d67943ece5,4783.11,0.8003145774826838,1.0,0.4447830232542572
,2020-11-20,d877722ca4e40f98,6290b8d67943ece5,4499.28,0.7995009674734598,1.0,0.44299089645713574
,2021-11-19,d877722ca4e40f98,9d8f54ae3b88911b,1910.0,0.7991558859485276,1.0,0.4422307904591623
,2021-07-08,d877722ca4e40f98,6931e23e98703aa9,498842.0,0.7990155864186711,1.0,0.4419217547488972
,2019-08-28,8d9e0be733f77f1c,d877722ca4e40f98,1000.0,0.7986320934909614,1.0,0.44107704051915125
,2021-07-08,d877722ca4e40f98,6931e23e98703aa9,334724.0,0.7984207169932606,1.0,0.4406114446175319
,2021-07-08,d877722ca4e40f98,6931e23e98703aa9,327432.0,0.7984207169932606,1.0,0.4406114446175319
,2021-07-08,d877722ca4e40f98,6931e23e98703aa9,142962.0,0.7981003804417417,1.0,0.4399058440084365
,2019-03-11,d877722ca4e40f98,eed8b1f54ed4366c,10342.0,0.7972467284288131,1.0,0.4380255172788708
,2020-03-10,d877722ca4e40f98,eed8b1f54ed4366c,14796.0,0.7968548614543652,1.0,0.4371623576595775
,2020-12-21,d877722ca4e40f98,eed8b1f54ed4366c,13689.08,0.7965756873709983,1.0,0.43654742501347993
,2021-11-11,d877722ca4e40f98,eed8b1f54ed4366c,38038.89,0.7964040406248784,1.0,0.4361693412511454
,2021-10-20,d877722ca4e40f98,eed8b1f54ed4366c,7763.04,0.7962866034429517,1.0,0.4359106640983042
,2020-09-10,d877722ca4e40f98,eed8b1f54ed4366c,9450.0,0.796127275551775,1.0,0.43555971489651296
,2021-02-10,8d9e0be733f77f1c,d877722ca4e40f98,30000.0,0.7961239406065012,1.0,0.43555236906162353
,2022-08-08,d877722ca4e40f98,9d8f54ae3b88911b,881.9,0.795812475448423,1.0,0.43486630934034043
,2021-07-08,d877722ca4e40f98,6931e23e98703aa9,207906.0,0.7957983002532532,1.0,0.4348350858464915
,2019-12-27,d877722ca4e40f98,eed8b1f54ed4366c,5012.6,0.795556150503855,1.0,0.4343017061561079
,2019-08-20,8d9e0be733f77f1c,d877722ca4e40f98,7000.0,0.7954992615778123,1.0,0.43417639775568934
,2019-07-09,d877722ca4e40f98,eed8b1f54ed4366c,6205.0,0.7951981295293531,1.0,0.43351309862293824
,2021-11-11,d877722ca4e40f98,eed8b1f54ed4366c,40755.96,0.7950481915162314,1.0,0.4331828323673906
,2021-02-19,d877722ca4e40f98,eed8b1f54ed4366c,31464.0,0.7940828354987054,1.0,0.4310564568703378
,2021-11-16,d877722ca4e40f98,d877722ca4e40f98,1052880.28,0.7932847507738575,1.0,0.42929852738869634
,2020-11-11,d877722ca4e40f98,eed8b1f54ed4366c,28602.0,0.793110702521841,1.0,0.42891515386465606
,2019-07-09,d877722ca4e40f98,eed8b1f54ed4366c,112.32,0.791965543713471,1.0,0.4263927294055504
,2021-10-15,d877722ca4e40f98,eed8b1f54ed4366c,5822.28,0.7916170733643397,1.0,0.42562515889437147
,2022-03-16,d877722ca4e40f98,1b21a7645f64d170,7931.79,0.7910752800761257,1.0,0.42443175878952877
,2019-07-31,8d9e0be733f77f1c,d877722ca4e40f98,1000.0,0.7908141283278224,1.0,0.4238565236757231
,2022-03-16,d877722ca4e40f98,1b21a7645f64d170,805.62,0.7907432545944701,1.0,0.4237004111459945
,2021-05-11,d877722ca4e40f98,eed8b1f54ed4366c,20790.0,0.7906983509211335,1.0,0.42360150248537876
,2019-08-09,d877722ca4e40f98,eed8b1f54ed4366c,484.5,0.7905043837673669,1.0,0.42317425388950897
,2020-01-27,d877722ca4e40f98,eed8b1f54ed4366c,95.04,0.790286803653353,1.0,0.42269499337350724
,2022-03-16,d877722ca4e40f98,1b21a7645f64d170,5978.0,0.7902678631319399,1.0,0.4226532733656518
,2020-04-17,d877722ca4e40f98,eed8b1f54ed4366c,21240.0,0.790167355431621,1.0,0.42243188653287395
,2023-01-09,d877722ca4e40f98,d877722ca4e40f98,960000.0,0.7899536465361636,1.0,0.42196115309303145
,2019-08-07,8d9e0be733f77f1c,d877722ca4e40f98,1000.0,0.7895225643195638,1.0,0.42101161463680226
,2019-06-14,8d9e0be733f77f1c,d877722ca4e40f98,1000.0,0.7893748707495278,1.0,0.420686292183018
,2023-03-06,d877722ca4e40f98,d877722ca4e40f98,338000.0,0.7893517423617543,1.0,0.42063534762354476
,2020-04-17,d877722ca4e40f98,eed8b1f54ed4366c,18576.0,0.7891233719492662,1.0,0.42013231947584534
,2020-07-09,d877722ca4e40f98,eed8b1f54ed4366c,990.0,0.7890098034248906,1.0,0.41988216375807424
,2021-08-10,d877722ca4e40f98,eed8b1f54ed4366c,11925.0,0.788945238209312,1.0,0.4197399469076318
,2021-10-15,d877722ca4e40f98,eed8b1f54ed4366c,6123.6,0.7888858306385865,1.0,0.41960909072562586
,2019-03-11,d877722ca4e40f98,eed8b1f54ed4366c,4214.4,0.7885893973365253,1.0,0.4189561414524357
,2022-03-16,d877722ca4e40f98,1b21a7645f64d170,2326.88,0.7883905061975819,1.0,0.41851804686686045
,2021-03-11,d877722ca4e40f98,eed8b1f54ed4366c,22995.0,0.7882634295091974,1.0,0.4182381369149654
,2021-07-12,d877722ca4e40f98,eed8b1f54ed4366c,2790.0,0.7880760056054732,1.0,0.4178253010396971
,2019-12-10,d877722ca4e40f98,eed8b1f54ed4366c,11695.0,0.7877791779737275,1.0,0.4171714831823122
,2020-09-10,d877722ca4e40f98,eed8b1f54ed4366c,4680.0,0.7877188976061773,1.0,0.41703870450358127
,2019-04-10,d877722ca4e40f98,eed8b1f54ed4366c,10233.0,0.7876515712197748,1.0,0.4168904056627887
,2021-12-10,d877722ca4e40f98,eed8b1f54ed4366c,12938.4,0.7876315294437556,1.0,0.41684625993761476
,2021-04-01,8d9e0be733f77f1c,d877722ca4e40f98,5000.0,0.787395595173682,1.0,0.4163265709920947
,2019-07-17,8d9e0be733f77f1c,d877722ca4e40f98,105000.0,0.7865673845940822,1.0,0.41450228373341624
,2023-06-13,d877722ca4e40f98,d877722ca4e40f98,30000.0,0.7864281689089062,1.0,0.4141956353918832
,2019-07-26,8d9e0be733f77f1c,d877722ca4e40f98,99000.0,0.7863215516815878,1.0,0.41396079119386936
,2023-01-12,d877722ca4e40f98,d877722ca4e40f98,555000.0,0.7862531818841554,1.0,0.41381019404695235
,2019-08-15,8d9e0be733f77f1c,d877722ca4e40f98,500.0,0.7861044302623317,1.0,0.41348254103806176
,2019-11-11,d877722ca4e40f98,eed8b1f54ed4366c,10539.0,0.7859012074786477,1.0,0.41303490520234615
,2020-11-24,d877722ca4e40f98,eed8b1f54ed4366c,18144.0,0.7852244671202553,1.0,0.41154425917142357
,2024-02-02,d877722ca4e40f98,d877722ca4e40f98,157000.0,0.7849600800132247,1.0,0.41096189758054935
,2021-05-05,8d9e0be733f77f1c,d877722ca4e40f98,5000.0,0.7848976370094263,1.0,0.4108243552947722
,2019-12-10,d877722ca4e40f98,eed8b1f54ed4366c,1157.7,0.7847729094246676,1.0,0.41054961967887227
,2021-02-11,d877722ca4e40f98,eed8b1f54ed4366c,23598.0,0.7842851145771179,1.0,0.40947516114483173
,2024-02-16,d877722ca4e40f98,d877722ca4e40f98,150000.0,0.7841443188260238,1.0,0.40916503241534713
,2024-03-06,d877722ca4e40f98,d877722ca4e40f98,30000.0,0.7838993054814641,1.0,0.40862534512603216
,2021-01-11,d877722ca4e40f98,eed8b1f54ed4366c,17262.0,0.7838280034018192,1.0,0.4084682890842264
,2019-07-17,8d9e0be733f77f1c,d877722ca4e40f98,180000.0,0.7835445190325618,1.0,0.40784386223481267
,2021-09-14,d877722ca4e40f98,eed8b1f54ed4366c,7051.32,0.7834879913776108,1.0,0.40771934960091244
,2024-12-16,d877722ca4e40f98,d877722ca4e40f98,32000.0,0.7833294752681653,1.0,0.4073701884987971
,2019-08-09,d877722ca4e40f98,eed8b1f54ed4366c,3525.8,0.7832902980183558,1.0,0.40728389334703496
,2022-08-02,d877722ca4e40f98,1b21a7645f64d170,116491.28,0.7832404404180492,1.0,0.40717407274436695
,2021-09-14,d877722ca4e40f98,eed8b1f54ed4366c,7591.0,0.7832189889143755,1.0,0.40712682183282917
,2019-08-16,8d9e0be733f77f1c,d877722ca4e40f98,10000.0,0.7831115575762879,1.0,0.40689018440500174
,2023-03-07,d877722ca4e40f98,d877722ca4e40f98,329000.0,0.7830382176197027,1.0,0.4067286395616421
,2019-10-10,d877722ca4e40f98,eed8b1f54ed4366c,3048.2,0.7829840415778601,1.0,0.4066093067913373
,2019-07-26,8d9e0be733f77f1c,d877722ca4e40f98,200000.0,0.7829203876705831,1.0,0.40646909726628333
,2019-09-10,d877722ca4e40f98,eed8b1f54ed4366c,6408.2,0.7828111739705677,1.0,0.4062285338560604
,2019-07-17,8d9e0be733f77f1c,d877722ca4e40f98,195000.0,0.78267209758956,1.0,0.40592219235776905
,2020-01-10,d877722ca4e40f98,eed8b1f54ed4366c,11696.0,0.7824511965679992,1.0,0.4054356169275722
,2019-11-11,d877722ca4e40f98,eed8b1f54ed4366c,6444.36,0.7824431841934509,1.0,0.40541796818803655
,2019-07-26,8d9e0be733f77f1c,d877722ca4e40f98,195000.0,0.7824275822031383,1.0,0.4053836019135185
,2022-08-02,d877722ca4e40f98,1b21a7645f64d170,1611.24,0.7824166631299458,1.0,0.4053595506316434
,2019-07-09,d877722ca4e40f98,eed8b1f54ed4366c,2364.12,0.782290507352125,1.0,0.40508166915589816
,2019-05-13,d877722ca4e40f98,eed8b1f54ed4366c,4385.88,0.7821228627407124,1.0,0.4047124008368025
,2021-04-09,d877722ca4e40f98,eed8b1f54ed4366c,31500.0,0.7814165203808142,1.0,0.4031565509126811
,2019-08-09,d877722ca4e40f98,eed8b1f54ed4366c,6811.0,0.7814139436470654,1.0,0.40315087517916254
,2023-03-30,d877722ca4e40f98,d877722ca4e40f98,85000.0,0.7814101039427783,1.0,0.4031424175190208
,2021-02-17,d877722ca4e40f98,eed8b1f54ed4366c,61362.0,0.7811994229009732,1.0,0.4026783534878711
,2023-03-23,d877722ca4e40f98,d877722ca4e40f98,10000.0,0.7811660154079677,1.0,0.40260476729453365
,2020-05-12,d877722ca4e40f98,eed8b1f54ed4366c,30240.0,0.7810430258025737,1.0,0.4023338599002108
,2020-11-11,d877722ca4e40f98,eed8b1f54ed4366c,13608.0,0.7809408187398127,1.0,0.40210872990678365
,2021-08-10,d877722ca4e40f98,eed8b1f54ed4366c,4057.56,0.7807510769208154,1.0,0.40169078839364497
,2021-07-12,d877722ca4e40f98,eed8b1f54ed4366c,12978.0,0.7806620719243802,1.0,0.4014947383974786
,2019-04-10,d877722ca4e40f98,eed8b1f54ed4366c,4276.88,0.7806149668818219,1.0,0.40139098081326596
,2020-10-09,d877722ca4e40f98,eed8b1f54ed4366c,14490.0,0.7804222854196253,1.0,0.400966564191302
,2020-05-12,d877722ca4e40f98,eed8b1f54ed4366c,6030.0,0.7802142599069367,1.0,0.40050834945506764
,2019-08-30,8d9e0be733f77f1c,d877722ca4e40f98,105000.0,0.7799483962865376,1.0,0.3999227355699194
,2021-07-01,d877722ca4e40f98,6931e23e98703aa9,9472656.0,0.7799070740681718,1.0,0.3998317157274762
,2021-09-10,d877722ca4e40f98,eed8b1f54ed4366c,5693.0,0.7798053018029508,1.0,0.3996075434561934
,2021-04-09,d877722ca4e40f98,eed8b1f54ed4366c,12843.0,0.7796607885609754,1.0,0.3992892262642382
,2020-07-09,d877722ca4e40f98,eed8b1f54ed4366c,12600.0,0.7795182627793346,1.0,0.39897528682192096
,2022-08-26,d877722ca4e40f98,1b21a7645f64d170,0.54,0.7793224958017471,1.0,0.398544073780601
,2021-06-08,d877722ca4e40f98,eed8b1f54ed4366c,15660.0,0.7793220124677867,1.0,0.3985430091479973
,2020-12-14,d877722ca4e40f98,eed8b1f54ed4366c,14112.0,0.7792950808991184,1.0,0.39848368737792084
,2021-12-10,d877722ca4e40f98,eed8b1f54ed4366c,5089.11,0.7790536253758401,1.0,0.3979518368491983
,2020-12-10,d877722ca4e40f98,eed8b1f54ed4366c,3528.0,0.7790428825832477,1.0,0.39792817385800755
,2022-05-05,d877722ca4e40f98,1b21a7645f64d170,13618.01,0.7789662765989849,1.0,0.3977594349835338
,2022-05-05,d877722ca4e40f98,1b21a7645f64d170,1446.53,0.7788851956744809,1.0,0.39758083922402754
,2022-04-05,d877722ca4e40f98,1b21a7645f64d170,7931.8,0.778819989939997,1.0,0.39743721151201605
,2022-08-02,d877722ca4e40f98,1b21a7645f64d170,19335.75,0.778796262065362,1.0,0.39738494647165284
,2022-08-02,d877722ca4e40f98,1b21a7645f64d170,19335.76,0.778796262065362,1.0,0.39738494647165284
,2022-04-05,d877722ca4e40f98,1b21a7645f64d170,5978.0,0.778736294580528,1.0,0.39725285697507734
,2019-02-05,d877722ca4e40f98,80799e1a6646b6dc,400.0,0.7787359699139847,1.0,0.39725214183685936
,2022-08-02,d877722ca4e40f98,1b21a7645f64d170,16469.0,0.7785530576258233,1.0,0.39684924363081364
,2022-08-02,d877722ca4e40f98,1b21a7645f64d170,16469.0,0.7785530576258233,1.0,0.39684924363081364
,2022-08-02,d877722ca4e40f98,1b21a7645f64d170,1611.24,0.7785284231197869,1.0,0.3967949815668014
,2022-02-04,d877722ca4e40f98,1b21a7645f64d170,7931.8,0.7784798349897885,1.0,0.39668795720770417
,2022-08-22,d877722ca4e40f98,1b21a7645f64d170,800.0,0.7784544211487877,1.0,0.39663197851403176
,2022-02-04,d877722ca4e40f98,1b21a7645f64d170,5977.0,0.7783961792227444,1.0,0.39650368988041756
,2022-04-05,d877722ca4e40f98,1b21a7645f64d170,805.62,0.7779801138778788,1.0,0.3955872288666227
,2022-05-05,d877722ca4e40f98,1b21a7645f64d170,9922.0,0.7779433331882737,1.0,0.3955062125827634
,2022-08-02,d877722ca4e40f98,1b21a7645f64d170,6389.84,0.7778353631601811,1.0,0.3952683885903874
,2022-08-02,d877722ca4e40f98,1b21a7645f64d170,6389.84,0.7778353631601811,1.0,0.3952683885903874
,2022-04-05,d877722ca4e40f98,1b21a7645f64d170,2326.87,0.77777321728938,1.0,0.3951315007950917
,2021-05-05,8d9e0be733f77f1c,d877722ca4e40f98,495000.0,0.777729019932316,1.0,0.39503414792693825
,2021-05-05,8d9e0be733f77f1c,d877722ca4e40f98,495000.0,0.777729019932316,1.0,0.39503414792693825
,2022-03-28,d877722ca4e40f98,1b21a7645f64d170,58248.0,0.7777273864755234,1.0,0.3950305499356935
,2019-12-11,8d9e0be733f77f1c,d877722ca4e40f98,155000.0,0.7777183799035533,1.0,0.3950107112921235
,2021-04-01,8d9e0be733f77f1c,d877722ca4e40f98,1000000.0,0.7777145394147552,1.0,0.3950022519039513
,2019-12-10,d877722ca4e40f98,eed8b1f54ed4366c,6168.6,0.7776918677907358,1.0,0.3949523134512788
,2022-05-05,d877722ca4e40f98,1b21a7645f64d170,3866.08,0.7776763831754108,1.0,0.39491820571691905
,2022-08-26,d877722ca4e40f98,1b21a7645f64d170,1.55,0.7774889890689519,1.0,0.39450543547564826
,2022-08-26,d877722ca4e40f98,1b21a7645f64d170,5.29,0.7774889890689519,1.0,0.39450543547564826
,2022-02-04,d877722ca4e40f98,1b21a7645f64d170,2326.88,0.7774335575191642,1.0,0.39438333721646485
,2019-10-10,d877722ca4e40f98,eed8b1f54ed4366c,8610.84,0.7773969743593705,1.0,0.3943027560286149
,2019-02-13,d877722ca4e40f98,eed8b1f54ed4366c,6034.0,0.7772470576538268,1.0,0.39397253670695614
,2019-09-10,d877722ca4e40f98,eed8b1f54ed4366c,9253.0,0.7771542432092281,1.0,0.3937680956953663
,2022-08-26,d877722ca4e40f98,1b21a7645f64d170,317.45,0.77683291597706,1.0,0.39306031292857996
,2020-10-09,d877722ca4e40f98,eed8b1f54ed4366c,16758.0,0.7765654206736443,1.0,0.3924711049592578
,2019-08-07,8d9e0be733f77f1c,d877722ca4e40f98,100000.0,0.7765052956774621,1.0,0.3923386685147532
,2022-05-26,d877722ca4e40f98,1b21a7645f64d170,192.69,0.77634232216192,1.0,0.3919796891498082
,2021-12-14,d877722ca4e40f98,eed8b1f54ed4366c,17251.2,0.7763256860945915,1.0,0.3919430451290608
,2019-08-13,8d9e0be733f77f1c,d877722ca4e40f98,100000.0,0.7761099481945999,1.0,0.39146784243078236
,2020-12-21,d877722ca4e40f98,6931e23e98703aa9,3000000.0,0.776048508153236,1.0,0.39133250935560365
,2019-02-13,d877722ca4e40f98,eed8b1f54ed4366c,10803.44,0.7756702187383744,1.0,0.39049925682705194
,2019-05-13,d877722ca4e40f98,eed8b1f54ed4366c,10233.0,0.7756234477826052,1.0,0.39039623513089433
,2020-12-10,d877722ca4e40f98,eed8b1f54ed4366c,10584.0,0.7755920304084752,1.0,0.3903270325431249
,2021-05-12,8d9e0be733f77f1c,d877722ca4e40f98,10000.0,0.7745407121867132,1.0,0.388011309363516
,2022-05-24,d877722ca4e40f98,1b21a7645f64d170,800.0,0.7740797664457683,1.0,0.3869959909615774
,2019-07-31,8d9e0be733f77f1c,d877722ca4e40f98,99000.0,0.7739291950180357,1.0,0.38666432949298557
,2020-12-21,d877722ca4e40f98,6931e23e98703aa9,1910000.0,0.77330509590104,1.0,0.38528963555000584
,2021-12-30,d877722ca4e40f98,6931e23e98703aa9,2029640.0,0.7731225255194892,1.0,0.38488749045662163
,2019-08-30,8d9e0be733f77f1c,d877722ca4e40f98,195000.0,0.7726948687159032,1.0,0.38394549710724174
,2019-08-30,8d9e0be733f77f1c,d877722ca4e40f98,200000.0,0.7726948687159032,1.0,0.38394549710724174
,2021-06-30,d877722ca4e40f98,80799e1a6646b6dc,4261.0,0.7726812270222473,1.0,0.38391544874932837
,2019-12-25,d877722ca4e40f98,6931e23e98703aa9,5000000.0,0.7726535980194766,1.0,0.3838545907514158
,2019-08-07,8d9e0be733f77f1c,d877722ca4e40f98,199000.0,0.7726518107549627,1.0,0.38385065397016593
,2019-08-07,8d9e0be733f77f1c,d877722ca4e40f98,200000.0,0.7726518107549627,1.0,0.38385065397016593
,2019-06-14,8d9e0be733f77f1c,d877722ca4e40f98,100000.0,0.7721939822560888,1.0,0.38284220187147533
,2021-07-01,d877722ca4e40f98,6931e23e98703aa9,1750000.0,0.7716703423941165,1.0,0.38168878805153394
,2019-08-30,8d9e0be733f77f1c,d877722ca4e40f98,500000.0,0.7714942176173047,1.0,0.3813008405968777
,2019-07-31,8d9e0be733f77f1c,d877722ca4e40f98,200000.0,0.7709910766912915,1.0,0.38019257948158397
,2019-07-31,8d9e0be733f77f1c,d877722ca4e40f98,200000.0,0.7709910766912915,1.0,0.38019257948158397
,2019-08-15,8d9e0be733f77f1c,d877722ca4e40f98,99500.0,0.7709447103996642,1.0,0.380090449133178
,2019-08-16,8d9e0be733f77f1c,d877722ca4e40f98,105000.0,0.7709447103996642,1.0,0.380090449133178
,2021-04-20,8d9e0be733f77f1c,d877722ca4e40f98,5000.0,0.7708925703794213,1.0,0.37997560107769635
,2021-06-15,8d9e0be733f77f1c,d877722ca4e40f98,1000000.0,0.7702879511075673,1.0,0.37864381510301404
,2020-09-28,d877722ca4e40f98,6931e23e98703aa9,9000000.0,0.7701426081649502,1.0,0.378323670341662
,2021-02-10,8d9e0be733f77f1c,d877722ca4e40f98,150000.0,0.7700718948899067,1.0,0.37816791125108945
,2021-02-10,8d9e0be733f77f1c,d877722ca4e40f98,150000.0,0.7700718948899067,1.0,0.37816791125108945
,2019-08-28,8d9e0be733f77f1c,d877722ca4e40f98,99000.0,0.770023117685553,1.0,0.37806047042069163
,2019-08-20,8d9e0be733f77f1c,d877722ca4e40f98,98000.0,0.7699732876781635,1.0,0.3779507105965363
,2021-06-15,8d9e0be733f77f1c,d877722ca4e40f98,50000.0,0.7698065462569201,1.0,0.3775834317211383
,2020-04-27,d877722ca4e40f98,6931e23e98703aa9,2435582.0,0.7697129292687882,1.0,0.37737722295871523
,2019-06-14,8d9e0be733f77f1c,d877722ca4e40f98,199000.0,0.7688563421381918,1.0,0.3754904310886453
,2019-06-14,8d9e0be733f77f1c,d877722ca4e40f98,200000.0,0.7688563421381918,1.0,0.3754904310886453
,2019-06-21,8d9e0be733f77f1c,d877722ca4e40f98,105000.0,0.7685967607510407,1.0,0.3749186549862457
,2021-02-10,8d9e0be733f77f1c,d877722ca4e40f98,220000.0,0.7685286927334729,1.0,0.37476872256539645
,2019-08-15,8d9e0be733f77f1c,d877722ca4e40f98,200000.0,0.7684380254779305,1.0,0.3745690111355507
,2019-08-15,8d9e0be733f77f1c,d877722ca4e40f98,200000.0,0.7684380254779305,1.0,0.3745690111355507
,2019-08-16,8d9e0be733f77f1c,d877722ca4e40f98,190000.0,0.768068985140338,1.0,0.3737561314134229
,2019-08-16,8d9e0be733f77f1c,d877722ca4e40f98,195000.0,0.7679550891513899,1.0,0.373505254394256
,2019-08-20,8d9e0be733f77f1c,d877722ca4e40f98,200000.0,0.76775915235075,1.0,0.37307366728619673
,2019-08-28,8d9e0be733f77f1c,d877722ca4e40f98,200000.0,0.7675196810584219,1.0,0.3725461873937951
,2019-08-28,8d9e0be733f77f1c,d877722ca4e40f98,200000.0,0.7675196810584219,1.0,0.3725461873937951
,2020-06-30,d877722ca4e40f98,6931e23e98703aa9,8000000.0,0.7674123275361201,1.0,0.372309721369654
,2019-09-02,8d9e0be733f77f1c,d877722ca4e40f98,105000.0,0.7673872837093533,1.0,0.37225455770089094
,2019-08-20,8d9e0be733f77f1c,d877722ca4e40f98,195000.0,0.7672766786486389,1.0,0.37201092956092663
,2019-08-22,8d9e0be733f77f1c,d877722ca4e40f98,100000.0,0.7666123670879301,1.0,0.3705476602598037
,2020-06-05,d877722ca4e40f98,6931e23e98703aa9,749108.0,0.765473706473212,1.0,0.36803954927625115
,2020-12-21,d877722ca4e40f98,6931e23e98703aa9,1090000.0,0.7651118502557112,1.0,0.3672424939097532
,2020-08-20,8d9e0be733f77f1c,d877722ca4e40f98,150000.0,0.7648262128959248,1.0,0.36661332469977714
,2019-06-28,d877722ca4e40f98,6931e23e98703aa9,6000000.0,0.7644201933965565,1.0,0.3657189915220601
,2020-04-27,d877722ca4e40f98,6931e23e98703aa9,6564418.0,0.7644119934419433,1.0,0.365700929602675
,2019-09-04,8d9e0be733f77f1c,d877722ca4e40f98,100000.0,0.7643032955604953,1.0,0.3654615023784213
,2020-11-05,d877722ca4e40f98,6931e23e98703aa9,200000.0,0.7639050500074861,1.0,0.36458429275797566
,2019-08-09,8d9e0be733f77f1c,d877722ca4e40f98,100000.0,0.7638767764143672,1.0,0.36452201493038666
,2022-08-22,d877722ca4e40f98,d877722ca4e40f98,2000.0,0.7631335008667421,1.0,0.36288481281703655
,2021-11-16,d877722ca4e40f98,d877722ca4e40f98,1694.71,0.7628730106017768,1.0,0.36231103474284765
,2021-06-15,8d9e0be733f77f1c,d877722ca4e40f98,790000.0,0.7626468771075265,1.0,0.3618129338220403
,2021-07-30,d877722ca4e40f98,80799e1a6646b6dc,1763.0,0.7621221822818833,1.0,0.36065719624914205
,2020-12-21,d877722ca4e40f98,6931e23e98703aa9,100000.0,0.7609729431487271,1.0,0.3581257841186617
,2020-08-20,8d9e0be733f77f1c,d877722ca4e40f98,700000.0,0.7601489294691662,1.0,0.3563107413099525
,2021-05-12,8d9e0be733f77f1c,d877722ca4e40f98,510000.0,0.7597466551063479,1.0,0.3554246574894137
,2021-05-12,8d9e0be733f77f1c,d877722ca4e40f98,480000.0,0.7591958307389491,1.0,0.35421136475932025
,2021-02-05,d877722ca4e40f98,6931e23e98703aa9,200000.0,0.7591492586358507,1.0,0.3541087810730151
,2020-12-30,d877722ca4e40f98,6931e23e98703aa9,200000.0,0.7586453687863443,1.0,0.3529988703149612
,2021-02-05,d877722ca4e40f98,6931e23e98703aa9,200000.0,0.7586320783927994,1.0,0.35296959576063425
,2019-08-22,8d9e0be733f77f1c,d877722ca4e40f98,200000.0,0.7584396843912934,1.0,0.352545812324104
,2019-08-22,8d9e0be733f77f1c,d877722ca4e40f98,200000.0,0.7584396843912934,1.0,0.352545812324104
,2023-01-09,d877722ca4e40f98,d877722ca4e40f98,3000.0,0.757990586671116,1.0,0.3515565913831968
,2021-04-01,8d9e0be733f77f1c,d877722ca4e40f98,295000.0,0.7577946673563806,1.0,0.3511250427910821
,2021-07-01,d877722ca4e40f98,6931e23e98703aa9,2016947.0,0.7575320930785285,1.0,0.3505466742923683
,2021-03-05,d877722ca4e40f98,6931e23e98703aa9,100000.0,0.7571740307394335,1.0,0.3497579756460176
,2021-10-29,d877722ca4e40f98,6931e23e98703aa9,1000000.0,0.7563082462999497,1.0,0.3478509249989766
,2021-11-26,d877722ca4e40f98,6931e23e98703aa9,1478297.0,0.7562881217657097,1.0,0.34780659698348715
,2020-08-20,8d9e0be733f77f1c,d877722ca4e40f98,500000.0,0.7560172753537746,1.0,0.34721000757673204
,2019-02-21,8d9e0be733f77f1c,d877722ca4e40f98,200000.0,0.7555337436729295,1.0,0.3461449394572698
,2019-04-23,d877722ca4e40f98,6931e23e98703aa9,6000000.0,0.7553549190342275,1.0,0.3457510450565495
,2019-02-21,8d9e0be733f77f1c,d877722ca4e40f98,195000.0,0.7550596010896817,1.0,0.3451005525649488
,2019-03-13,8d9e0be733f77f1c,d877722ca4e40f98,160000.0,0.7549637374468429,1.0,0.34488939512925704
,2019-04-02,d877722ca4e40f98,6931e23e98703aa9,4914000.0,0.7547298465798167,1.0,0.34437420715756595
,2021-07-01,d877722ca4e40f98,6931e23e98703aa9,1760621.0,0.7543459349895644,1.0,0.34352857074599685
,2020-06-19,d877722ca4e40f98,6931e23e98703aa9,500000.0,0.7542221960542159,1.0,0.3432560128136078
,2021-02-19,d877722ca4e40f98,6931e23e98703aa9,100000.0,0.7541981924595912,1.0,0.3432031404488797
,2019-08-09,8d9e0be733f77f1c,d877722ca4e40f98,200000.0,0.7538566153228311,1.0,0.34245075351517473
,2019-08-13,8d9e0be733f77f1c,d877722ca4e40f98,200000.0,0.7538566153228311,1.0,0.34245075351517473
,2019-08-13,8d9e0be733f77f1c,d877722ca4e40f98,200000.0,0.7538566153228311,1.0,0.34245075351517473
,2019-08-09,8d9e0be733f77f1c,d877722ca4e40f98,200000.0,0.7538566153228311,1.0,0.34245075351517473
,2021-04-20,8d9e0be733f77f1c,d877722ca4e40f98,205000.0,0.7538108720254415,1.0,0.34234999542701045
,2019-03-13,8d9e0be733f77f1c,d877722ca4e40f98,200000.0,0.7537221477789877,1.0,0.34215456383469767
,2019-02-05,d877722ca4e40f98,80799e1a6646b6dc,3034.46,0.7532601516730668,1.0,0.3411369318092802
,2019-05-06,d877722ca4e40f98,80799e1a6646b6dc,3034.46,0.7532601516730668,1.0,0.3411369318092802
,2019-03-05,d877722ca4e40f98,80799e1a6646b6dc,3034.46,0.7532601516730668,1.0,0.3411369318092802
,2019-07-05,d877722ca4e40f98,80799e1a6646b6dc,3034.46,0.7532601516730668,1.0,0.3411369318092802
,2020-01-09,d877722ca4e40f98,80799e1a6646b6dc,3032.72,0.7532601516730668,1.0,0.3411369318092802
,2019-09-04,8d9e0be733f77f1c,d877722ca4e40f98,200000.0,0.7529830233352057,1.0,0.34052650529671025
,2019-09-04,8d9e0be733f77f1c,d877722ca4e40f98,200000.0,0.7529830233352057,1.0,0.34052650529671025
,2020-09-04,d877722ca4e40f98,6931e23e98703aa9,300000.0,0.7529808762723679,1.0,0.3405217759929857
,2019-06-11,8d9e0be733f77f1c,d877722ca4e40f98,200000.0,0.7521439173320817,1.0,0.3386782188489338
,2019-06-11,8d9e0be733f77f1c,d877722ca4e40f98,200000.0,0.7521439173320817,1.0,0.3386782188489338
,2021-05-05,d877722ca4e40f98,80799e1a6646b6dc,2286.9,0.752118345544762,1.0,0.33862189224922823
,2019-09-02,8d9e0be733f77f1c,d877722ca4e40f98,200000.0,0.7518331601478246,1.0,0.33799371857117005
,2021-04-20,8d9e0be733f77f1c,d877722ca4e40f98,155000.0,0.7518203908485545,1.0,0.33796559182353514
,2019-06-21,8d9e0be733f77f1c,d877722ca4e40f98,200000.0,0.7515990755984853,1.0,0.33747810397829736
,2019-09-02,8d9e0be733f77f1c,d877722ca4e40f98,195000.0,0.7513615393617639,1.0,0.33695488640441085
,2019-06-21,8d9e0be733f77f1c,d877722ca4e40f98,195000.0,0.7511276143315259,1.0,0.33643962318191567
,2020-10-21,d877722ca4e40f98,6931e23e98703aa9,2000000.0,0.7508241623824935,1.0,0.33577121403830373
,2020-05-12,d877722ca4e40f98,6931e23e98703aa9,3000000.0,0.7506279786553868,1.0,0.335339083028949
,2019-06-28,d877722ca4e40f98,6931e23e98703aa9,1700000.0,0.7500129882768944,1.0,0.333984452770259
,2020-12-22,d877722ca4e40f98,6931e23e98703aa9,2000000.0,0.7499864466613101,1.0,0.33392598994410355
,2021-07-20,d877722ca4e40f98,80799e1a6646b6dc,1214381.15,0.7498331958970591,1.0,0.33358842674038186
,2020-12-22,d877722ca4e40f98,6931e23e98703aa9,100499.0,0.7488886523040221,1.0,0.3315078944645493
,2021-01-21,d877722ca4e40f98,6931e23e98703aa9,1300000.0,0.7479753130093029,1.0,0.3294960954375296
,2021-05-05,d877722ca4e40f98,80799e1a6646b6dc,21082.46,0.7478322397333568,1.0,0.3291809500375615
,2019-02-13,d877722ca4e40f98,6931e23e98703aa9,1000000.0,0.747490245490415,1.0,0.3284276443502065
,2021-07-20,d877722ca4e40f98,80799e1a6646b6dc,1035949.85,0.7465932267836288,1.0,0.32645179444211114
,2020-05-22,d877722ca4e40f98,6931e23e98703aa9,1000000.0,0.746516254948889,1.0,0.32628224971417397
,2021-05-05,d877722ca4e40f98,80799e1a6646b6dc,15105.0,0.7464374593284482,1.0,0.32610868776030566
,2020-06-05,d877722ca4e40f98,80799e1a6646b6dc,1201.97,0.7461696200065122,1.0,0.3255187220264497
,2019-06-28,d877722ca4e40f98,6931e23e98703aa9,1000000.0,0.7454385148215977,1.0,0.3239083273919869
,2020-11-05,d877722ca4e40f98,80799e1a6646b6dc,1733.81,0.7449320489367908,1.0,0.32279274243887623
,2021-08-31,d877722ca4e40f98,80799e1a6646b6dc,2130.0,0.7447241704049113,1.0,0.3223348514551077
,2019-10-17,d877722ca4e40f98,6931e23e98703aa9,2650000.0,0.7445652941423615,1.0,0.32198489704904837
,2021-09-03,d877722ca4e40f98,80799e1a6646b6dc,23276.16,0.744433159537426,1.0,0.32169384609878054
,2019-06-05,d877722ca4e40f98,80799e1a6646b6dc,3034.46,0.7441846980716527,1.0,0.32114656368359845
,2019-12-05,d877722ca4e40f98,80799e1a6646b6dc,3034.46,0.7441846980716527,1.0,0.32114656368359845
,2019-08-30,d877722ca4e40f98,6931e23e98703aa9,500000.0,0.7439439582328433,1.0,0.3206162895825259
,2019-08-30,d877722ca4e40f98,6931e23e98703aa9,500000.0,0.7439439582328433,1.0,0.3206162895825259
,2021-11-03,d877722ca4e40f98,80799e1a6646b6dc,22476.14,0.7438567513851315,1.0,0.3204242003420972
,2020-11-24,d877722ca4e40f98,6931e23e98703aa9,200000.0,0.7434677052455361,1.0,0.3195672541342322
,2019-08-30,d877722ca4e40f98,6931e23e98703aa9,500000.0,0.7434380218903707,1.0,0.3195018710445243
,2021-05-05,d877722ca4e40f98,80799e1a6646b6dc,5888.6,0.7431786964552519,1.0,0.3189306587239005
,2020-08-05,d877722ca4e40f98,80799e1a6646b6dc,3.75,0.7431025965766527,1.0,0.3187630346409256
,2020-08-31,d877722ca4e40f98,6931e23e98703aa9,800000.0,0.7429220901332995,1.0,0.3183654357538435
,2019-11-06,d877722ca4e40f98,80799e1a6646b6dc,1847.06,0.7420565400503126,1.0,0.31645890132041027
,2019-04-02,d877722ca4e40f98,6931e23e98703aa9,586000.0,0.7420258951645108,1.0,0.3163914002813159
,2020-08-06,d877722ca4e40f98,6931e23e98703aa9,500000.0,0.7418691477631636,1.0,0.31604613508650686
,2020-05-22,d877722ca4e40f98,6931e23e98703aa9,1200000.0,0.7416472542964074,1.0,0.3155573736118793
,2019-05-07,d877722ca4e40f98,6931e23e98703aa9,2000000.0,0.7413885620412689,1.0,0.3149875559874824
,2020-08-05,d877722ca4e40f98,80799e1a6646b6dc,15171.89,0.7412471560150756,1.0,0.3146760830140154
,2020-10-20,d877722ca4e40f98,6931e23e98703aa9,500000.0,0.7410666529537322,1.0,0.3142784915764366
,2021-07-07,d877722ca4e40f98,80799e1a6646b6dc,24474.61,0.7406980730410345,1.0,0.3134666260254508
,2019-10-17,d877722ca4e40f98,6931e23e98703aa9,354638.0,0.7401262351362747,1.0,0.3122070470857726
,2020-09-08,d877722ca4e40f98,6931e23e98703aa9,1000000.0,0.7401261382347223,1.0,0.31220683364214885
,2020-01-09,d877722ca4e40f98,80799e1a6646b6dc,399.77,0.7396616808264015,1.0,0.31118378014214687
,2021-03-05,d877722ca4e40f98,80799e1a6646b6dc,2112.9,0.7395616709917997,1.0,0.31096348995085893
,2021-10-22,d877722ca4e40f98,80799e1a6646b6dc,7619.0,0.739322105594705,1.0,0.3104358027752724
,2020-07-03,d877722ca4e40f98,80799e1a6646b6dc,1721.97,0.7392545100103811,1.0,0.3102869109761789
,2019-10-23,d877722ca4e40f98,6931e23e98703aa9,1750000.0,0.7390970724907411,1.0,0.30994012566795914
,2019-03-05,d877722ca4e40f98,80799e1a6646b6dc,1793.0,0.7390058099722447,1.0,0.3097391030611627
,2019-02-05,d877722ca4e40f98,80799e1a6646b6dc,1793.0,0.7390058099722447,1.0,0.3097391030611627
,2019-07-05,d877722ca4e40f98,80799e1a6646b6dc,1794.0,0.7390058099722447,1.0,0.3097391030611627
,2020-01-09,d877722ca4e40f98,80799e1a6646b6dc,1793.0,0.7390058099722447,1.0,0.3097391030611627
,2019-05-06,d877722ca4e40f98,80799e1a6646b6dc,1793.0,0.7390058099722447,1.0,0.3097391030611627
,2020-07-08,d877722ca4e40f98,6931e23e98703aa9,500000.0,0.7388401766462043,1.0,0.30937426497076503
,2019-07-05,d877722ca4e40f98,80799e1a6646b6dc,399.99,0.7384358433026278,1.0,0.308483645863603
,2019-05-06,d877722ca4e40f98,80799e1a6646b6dc,400.0,0.7384358433026278,1.0,0.308483645863603
,2020-12-15,d877722ca4e40f98,6931e23e98703aa9,100000.0,0.7383247816251363,1.0,0.308239011940582
,2020-08-26,d877722ca4e40f98,6931e23e98703aa9,277000.0,0.7380255916317273,1.0,0.3075799905439178
,2019-08-22,d877722ca4e40f98,6931e23e98703aa9,1000000.0,0.7379616100748205,1.0,0.30743905930984433
,2021-02-05,d877722ca4e40f98,80799e1a6646b6dc,2112.87,0.7378510873380566,1.0,0.3071956125036348
,2019-09-20,d877722ca4e40f98,6931e23e98703aa9,354638.0,0.7378499125922703,1.0,0.3071930249083745
,2021-09-03,d877722ca4e40f98,80799e1a6646b6dc,14742.0,0.7377710300488989,1.0,0.30701927149064573
,2021-12-20,d877722ca4e40f98,6931e23e98703aa9,500000.0,0.7377609357754127,1.0,0.30699703698294933
,2020-12-15,d877722ca4e40f98,6931e23e98703aa9,100000.0,0.7376280300276935,1.0,0.30670428744781725
,2020-08-26,d877722ca4e40f98,6931e23e98703aa9,723000.0,0.7371486347096831,1.0,0.3056483304339153
,2020-06-05,d877722ca4e40f98,80799e1a6646b6dc,11728.17,0.737128153254027,1.0,0.3056032162328743
,2020-12-30,d877722ca4e40f98,80799e1a6646b6dc,2055.27,0.7371229922761664,1.0,0.30559184822287117
,2021-01-12,d877722ca4e40f98,6931e23e98703aa9,200000.0,0.7371129453863002,1.0,0.3055697180863773
,2020-03-27,d877722ca4e40f98,80799e1a6646b6dc,4720.26,0.7370868725401286,1.0,0.3055122878117106
,2020-06-05,d877722ca4e40f98,80799e1a6646b6dc,8781.0,0.736899042466559,1.0,0.3050985572720994
,2020-11-05,d877722ca4e40f98,80799e1a6646b6dc,3387.83,0.7365876879059728,1.0,0.3044127411622844
,2020-06-05,d877722ca4e40f98,80799e1a6646b6dc,3418.66,0.7365876879059728,1.0,0.3044127411622844
,2021-12-30,d877722ca4e40f98,80799e1a6646b6dc,741.93,0.7363673811984386,1.0,0.30392747481885
,2019-07-31,d877722ca4e40f98,6931e23e98703aa9,1200000.0,0.7363115174622918,1.0,0.3038044245891319
,2020-11-05,d877722ca4e40f98,80799e1a6646b6dc,13830.48,0.7362346566340259,1.0,0.30363512437352164
,2019-08-22,d877722ca4e40f98,6931e23e98703aa9,500000.0,0.7361466307113806,1.0,0.3034412309687877
,2019-02-27,d877722ca4e40f98,80799e1a6646b6dc,9000.0,0.7360410060290049,1.0,0.30320857303491644
,2021-07-07,d877722ca4e40f98,80799e1a6646b6dc,14196.0,0.7360176913529308,1.0,0.30315721814094426
,2019-02-28,d877722ca4e40f98,6931e23e98703aa9,814000.0,0.7359843437236019,1.0,0.30308376380844654
,2019-07-10,d877722ca4e40f98,6931e23e98703aa9,600000.0,0.7359708837495407,1.0,0.3030541157216112
,2021-02-10,d877722ca4e40f98,6931e23e98703aa9,200000.0,0.7358049450681079,1.0,0.30268860502938366
,2020-11-26,d877722ca4e40f98,6931e23e98703aa9,100000.0,0.7355878225159874,1.0,0.30221035237823257
,2020-07-09,d877722ca4e40f98,6931e23e98703aa9,500000.0,0.7355244267345763,1.0,0.3020707114232254
,2021-07-07,d877722ca4e40f98,80799e1a6646b6dc,2483.85,0.7355224845399051,1.0,0.3020664333795979
,2021-01-27,d877722ca4e40f98,6931e23e98703aa9,200000.0,0.7352516249814516,1.0,0.30146981501519987
,2021-07-20,d877722ca4e40f98,80799e1a6646b6dc,19413.0,0.7351672749563888,1.0,0.30128401845598946
,2020-05-29,d877722ca4e40f98,6931e23e98703aa9,503015.0,0.7350789643545214,1.0,0.30108949799252144
,2020-11-05,d877722ca4e40f98,80799e1a6646b6dc,8653.0,0.7350511055208726,1.0,0.30102813374951504
,2019-07-10,d877722ca4e40f98,6931e23e98703aa9,1400000.0,0.7350353463408315,1.0,0.30099342123549455
,2019-05-17,d877722ca4e40f98,6931e23e98703aa9,85885.0,0.7348088358558259,1.0,0.3004944899226965
,2021-03-05,d877722ca4e40f98,80799e1a6646b6dc,17593.33,0.7345648980135443,1.0,0.29995717162642616
,2020-09-21,d877722ca4e40f98,6931e23e98703aa9,174713.0,0.7342461556702481,1.0,0.29925508255632827
,2019-08-05,d877722ca4e40f98,6931e23e98703aa9,300000.0,0.7342398229984325,1.0,0.29924113367328925
,2020-12-16,d877722ca4e40f98,6931e23e98703aa9,100000.0,0.7340966653332999,1.0,0.2989258023905013
,2021-10-05,d877722ca4e40f98,80799e1a6646b6dc,23763.28,0.7340657547870499,1.0,0.2988577161850468
,2021-09-03,d877722ca4e40f98,80799e1a6646b6dc,2150.5,0.7340455535781074,1.0,0.2988132192793183
,2021-01-13,d877722ca4e40f98,6931e23e98703aa9,300000.0,0.73401452166282,1.0,0.29874486573607006
,2020-10-06,d877722ca4e40f98,6931e23e98703aa9,500000.0,0.734001082715295,1.0,0.2987152639640766
,2020-07-03,d877722ca4e40f98,80799e1a6646b6dc,14826.34,0.7338895999490774,1.0,0.29846970251511357
,2019-09-20,d877722ca4e40f98,6931e23e98703aa9,645362.0,0.7338765154380663,1.0,0.2984408814552147
,2019-07-31,d877722ca4e40f98,6931e23e98703aa9,500000.0,0.7338078034652463,1.0,0.2982895306036057
,2019-02-28,d877722ca4e40f98,6931e23e98703aa9,1386000.0,0.7336697160100776,1.0,0.29798536739771
,2020-08-05,d877722ca4e40f98,80799e1a6646b6dc,9361.0,0.7335300635726377,1.0,0.29767775702839083
,2019-05-17,d877722ca4e40f98,6931e23e98703aa9,73079.0,0.7334120954977401,1.0,0.2974179104854131
,2019-09-20,d877722ca4e40f98,6931e23e98703aa9,1000000.0,0.7333959579764199,1.0,0.29738236460462364
,2020-12-04,d877722ca4e40f98,80799e1a6646b6dc,17355.0,0.7333446121492095,1.0,0.2972692659064501
,2021-07-07,d877722ca4e40f98,80799e1a6646b6dc,7183.96,0.733327271716828,1.0,0.2972310703911638
,2021-05-31,d877722ca4e40f98,80799e1a6646b6dc,58.0,0.7333014611758571,1.0,0.29717421789230336
,2019-08-09,d877722ca4e40f98,6931e23e98703aa9,500000.0,0.7332100544972089,1.0,0.2969728777460611
,2020-09-11,d877722ca4e40f98,6931e23e98703aa9,73756.0,0.7330498820778871,1.0,0.2966200683145497
,2021-08-11,d877722ca4e40f98,80799e1a6646b6dc,1821.0,0.7328647964931877,1.0,0.29621238302019454
,2020-12-30,d877722ca4e40f98,80799e1a6646b6dc,17355.0,0.7328264012739814,1.0,0.29612781043573644
,2021-06-04,d877722ca4e40f98,80799e1a6646b6dc,20721.35,0.7327655751046505,1.0,0.29599382952745323
,2021-04-05,d877722ca4e40f98,80799e1a6646b6dc,21636.2,0.7327655751046505,1.0,0.29599382952745323
,2019-02-05,d877722ca4e40f98,80799e1a6646b6dc,703.44,0.7325048173165413,1.0,0.29541946218397097
,2020-01-09,d877722ca4e40f98,80799e1a6646b6dc,703.04,0.7325048173165413,1.0,0.29541946218397097
,2019-03-05,d877722ca4e40f98,80799e1a6646b6dc,703.45,0.7325048173165413,1.0,0.29541946218397097
,2019-07-05,d877722ca4e40f98,80799e1a6646b6dc,703.45,0.7325048173165413,1.0,0.29541946218397097
,2019-05-06,d877722ca4e40f98,80799e1a6646b6dc,703.44,0.7325048173165413,1.0,0.29541946218397097
,2021-07-30,d877722ca4e40f98,80799e1a6646b6dc,0.3,0.7322129203096847,1.0,0.2947765049414879
,2019-03-05,d877722ca4e40f98,80799e1a6646b6dc,399.99,0.7321642421529245,1.0,0.29466928228176725
,2020-08-20,d877722ca4e40f98,6931e23e98703aa9,500000.0,0.7320811008634913,1.0,0.29448614818674457
,2019-11-06,d877722ca4e40f98,80799e1a6646b6dc,243.48,0.7320286930406967,1.0,0.2943707102465226
,2021-09-03,d877722ca4e40f98,80799e1a6646b6dc,7262.89,0.7320262031129936,1.0,0.2943652257194037
,2019-07-02,d877722ca4e40f98,6931e23e98703aa9,1200000.0,0.7315311173331513,1.0,0.2932747075560698
,2020-06-01,d877722ca4e40f98,6931e23e98703aa9,200000.0,0.731340065131059,1.0,0.29285387968136717
,2020-09-21,d877722ca4e40f98,6931e23e98703aa9,525287.0,0.7312266822086818,1.0,0.2926041327863874
,2021-08-05,d877722ca4e40f98,80799e1a6646b6dc,20024.96,0.7311408358888328,1.0,0.29241504036066557
,2020-06-01,d877722ca4e40f98,6931e23e98703aa9,500000.0,0.7309621870793165,1.0,0.2920215332563056
,2021-07-20,d877722ca4e40f98,80799e1a6646b6dc,46837.85,0.730865183393396,1.0,0.29180786466449016
,2020-12-30,d877722ca4e40f98,80799e1a6646b6dc,4496.06,0.7306769076402144,1.0,0.2913931524329547
,2021-04-05,d877722ca4e40f98,80799e1a6646b6dc,2483.81,0.7306279115459633,1.0,0.2912852294570002
,2020-08-10,d877722ca4e40f98,6931e23e98703aa9,700000.0,0.7306265517143478,1.0,0.29128223417590704
,2020-07-20,d877722ca4e40f98,6931e23e98703aa9,500000.0,0.7304293719139945,1.0,0.29084790913066705
,2019-08-20,d877722ca4e40f98,6931e23e98703aa9,500000.0,0.7301514162618117,1.0,0.29023566030501236
,2021-03-05,d877722ca4e40f98,80799e1a6646b6dc,11506.0,0.7299778247299341,1.0,0.28985329279170235
,2020-08-05,d877722ca4e40f98,80799e1a6646b6dc,4082.66,0.7299431303802157,1.0,0.2897768720580165
,2020-12-30,d877722ca4e40f98,80799e1a6646b6dc,11505.0,0.7297589286898685,1.0,0.2893711337047467
,2019-12-05,d877722ca4e40f98,80799e1a6646b6dc,1793.0,0.7297307328104504,1.0,0.2893090270559831
,2019-06-05,d877722ca4e40f98,80799e1a6646b6dc,1793.0,0.7297307328104504,1.0,0.2893090270559831
,2020-08-05,d877722ca4e40f98,80799e1a6646b6dc,1721.95,0.7296242817053445,1.0,0.28907454877292293
,2020-09-04,d877722ca4e40f98,80799e1a6646b6dc,1624.16,0.7295475066523462,1.0,0.28890543749323266
,2021-03-05,d877722ca4e40f98,80799e1a6646b6dc,4498.04,0.729491728368512,1.0,0.28878257548806585
,2019-04-05,d877722ca4e40f98,80799e1a6646b6dc,400.0,0.7293437771386159,1.0,0.2884566854906988
,2021-01-29,d877722ca4e40f98,6931e23e98703aa9,200000.0,0.7292967913840841,1.0,0.28835319066046705
,2021-02-05,d877722ca4e40f98,80799e1a6646b6dc,17593.3,0.7292831496198281,1.0,0.28832314214704435
,2019-08-16,d877722ca4e40f98,6931e23e98703aa9,500000.0,0.7289639295692895,1.0,0.28762000083823175
,2019-08-15,d877722ca4e40f98,6931e23e98703aa9,500000.0,0.7289022220695961,1.0,0.2874840786365257
,2021-12-03,d877722ca4e40f98,80799e1a6646b6dc,741.94,0.728843953782078,1.0,0.2873557319368787
,2021-02-11,d877722ca4e40f98,6931e23e98703aa9,200000.0,0.728771593626095,1.0,0.2871963452858903
,2019-07-01,d877722ca4e40f98,6931e23e98703aa9,1200000.0,0.7287583629009297,1.0,0.28716720216222474
,2020-07-03,d877722ca4e40f98,80799e1a6646b6dc,10012.0,0.7287355217423799,1.0,0.2871168902783367
,2019-09-04,d877722ca4e40f98,6931e23e98703aa9,500000.0,0.7286771736523828,1.0,0.2869883677989436
,2020-07-03,d877722ca4e40f98,80799e1a6646b6dc,3909.87,0.7285152195934743,1.0,0.28663163397612657
,2019-04-30,d877722ca4e40f98,6931e23e98703aa9,1000000.0,0.7285076317695897,1.0,0.2866149203880912
,2020-03-05,d877722ca4e40f98,80799e1a6646b6dc,5163.87,0.7284954216439757,1.0,0.28658802532404254
,2019-02-21,d877722ca4e40f98,6931e23e98703aa9,500000.0,0.7284923723718356,1.0,0.2865813087371615
,2019-09-02,d877722ca4e40f98,80799e1a6646b6dc,4051.0,0.7284098967795547,1.0,0.2863996409634626
,2021-09-10,d877722ca4e40f98,80799e1a6646b6dc,3083.0,0.7284065523441837,1.0,0.28639227422487545
,2019-11-06,d877722ca4e40f98,80799e1a6646b6dc,1092.0,0.7283770763619887,1.0,0.2863273479125587
,2020-09-04,d877722ca4e40f98,80799e1a6646b6dc,14089.24,0.7278644405610584,1.0,0.28519817257597785
,2020-04-30,d877722ca4e40f98,80799e1a6646b6dc,1066.66,0.7278072732941495,1.0,0.28507225107822814
,2019-03-13,d877722ca4e40f98,6931e23e98703aa9,500000.0,0.7277964921212109,1.0,0.2850485035472137
,2021-02-05,d877722ca4e40f98,80799e1a6646b6dc,4498.04,0.7277820861033255,1.0,0.2850167716235654
,2019-06-05,d877722ca4e40f98,80799e1a6646b6dc,400.0,0.7277372841593812,1.0,0.2849180870407856
,2020-12-04,d877722ca4e40f98,80799e1a6646b6dc,2055.3,0.7277304135336293,1.0,0.2849029532145256
,2020-07-31,d877722ca4e40f98,80799e1a6646b6dc,1099.0,0.727673435335724,1.0,0.2847774481762886
,2021-12-30,d877722ca4e40f98,80799e1a6646b6dc,2324.68,0.7275044905390663,1.0,0.2844053159582824
,2020-09-04,d877722ca4e40f98,80799e1a6646b6dc,3740.32,0.7274445076364106,1.0,0.28427319250109795
,2020-10-13,d877722ca4e40f98,6931e23e98703aa9,500000.0,0.72721454365507,1.0,0.2837666542227327
,2020-05-29,d877722ca4e40f98,6931e23e98703aa9,1000000.0,0.7272100444714389,1.0,0.28375674393714234
,2019-08-05,d877722ca4e40f98,80799e1a6646b6dc,400.0,0.7271090235864925,1.0,0.2835342267201356
,2020-11-10,d877722ca4e40f98,6931e23e98703aa9,300000.0,0.7270861804728348,1.0,0.2834839105297598
,2020-04-30,d877722ca4e40f98,80799e1a6646b6dc,8091.82,0.7270464810387911,1.0,0.2833964651704678
,2021-12-30,d877722ca4e40f98,80799e1a6646b6dc,7668.28,0.7270274547830156,1.0,0.2833545563167939
,2021-12-30,d877722ca4e40f98,80799e1a6646b6dc,5979.0,0.7270274547830156,1.0,0.2833545563167939
,2020-09-04,d877722ca4e40f98,80799e1a6646b6dc,6888.0,0.7270274547830156,1.0,0.2833545563167939
,2020-02-05,d877722ca4e40f98,80799e1a6646b6dc,303.45,0.7269517675572402,1.0,0.28318784117812296
,2020-03-27,d877722ca4e40f98,80799e1a6646b6dc,2789.0,0.7269501029796169,1.0,0.283184174637482
,2021-11-03,d877722ca4e40f98,80799e1a6646b6dc,7464.44,0.726885630434102,1.0,0.2830421619100256
